#
# There is insufficient memory for the Java Runtime Environment to continue.
# Native memory allocation (malloc) failed to allocate 266416 bytes. Error detail: Chunk::new
# Possible reasons:
#   The system is out of physical RAM or swap space
#   This process is running with CompressedOops enabled, and the Java Heap may be blocking the growth of the native heap
# Possible solutions:
#   Reduce memory load on the system
#   Increase physical memory or swap space
#   Check if swap backing store is full
#   Decrease Java heap size (-Xmx/-Xms)
#   Decrease number of Java threads
#   Decrease Java thread stack sizes (-Xss)
#   Set larger code cache with -XX:ReservedCodeCacheSize=
#   JVM is running with Zero Based Compressed Oops mode in which the Java heap is
#     placed in the first 32GB address space. The Java Heap base address is the
#     maximum limit for the native heap growth. Please use -XX:HeapBaseMinAddress
#     to set the Java Heap base and to place the Java Heap above 32GB virtual address.
# This output file may be truncated or incomplete.
#
#  Out of Memory Error (arena.cpp:168), pid=36868, tid=38344
#
# JRE version: OpenJDK Runtime Environment Temurin-21.0.12.1+1 (21.0.12.1+1) (build 21.0.12.1+1-LTS)
# Java VM: OpenJDK 64-Bit Server VM Temurin-21.0.12.1+1 (21.0.12.1+1-LTS, mixed mode, sharing, tiered, compressed oops, compressed class ptrs, g1 gc, windows-amd64)
# No core dump will be written. Minidumps are not enabled by default on client versions of Windows
#

---------------  S U M M A R Y ------------

Command Line: --add-opens=java.base/java.lang=ALL-UNNAMED --add-opens=java.base/java.lang.invoke=ALL-UNNAMED --add-opens=java.base/java.util=ALL-UNNAMED --add-opens=java.prefs/java.util.prefs=ALL-UNNAMED --add-exports=jdk.compiler/com.sun.tools.javac.api=ALL-UNNAMED --add-exports=jdk.compiler/com.sun.tools.javac.util=ALL-UNNAMED --add-opens=java.base/java.util=ALL-UNNAMED --add-opens=java.prefs/java.util.prefs=ALL-UNNAMED --add-opens=java.base/java.nio.charset=ALL-UNNAMED --add-opens=java.base/java.net=ALL-UNNAMED --add-opens=java.base/java.util.concurrent=ALL-UNNAMED --add-opens=java.base/java.util.concurrent.atomic=ALL-UNNAMED --add-opens=java.xml/javax.xml.namespace=ALL-UNNAMED --add-opens=java.base/java.time=ALL-UNNAMED -XX:MaxMetaspaceSize=4G -XX:ReservedCodeCacheSize=512m -XX:+HeapDumpOnOutOfMemoryError -Xmx8G -Dfile.encoding=UTF-8 -Duser.country=IN -Duser.language=en -Duser.variant -javaagent:C:\Users\AJI\.gradle\wrapper\dists\gradle-9.1.0-all\7wzd0jkjit61aq2p43wpjgij9\gradle-9.1.0\lib\agents\gradle-instrumentation-agent-9.1.0.jar org.gradle.launcher.daemon.bootstrap.GradleDaemon 9.1.0

Host: 12th Gen Intel(R) Core(TM) i7-12700H, 20 cores, 15G,  Windows 11 , 64 bit Build 26100 (10.0.26100.9444)
Time: Thu Sep 10 13:12:35 2026 India Standard Time elapsed time: 358.934638 seconds (0d 0h 5m 58s)

---------------  T H R E A D  ---------------

Current thread (0x000002c34502de30):  JavaThread "C2 CompilerThread0" daemon [_thread_in_native, id=38344, stack(0x000000d145400000,0x000000d145500000) (1024K)]


Current CompileTask:
C2:358934 11815       4       org.gradle.internal.instantiation.generator.AbstractClassGenerator$PropertyMetadata::isReadableWithoutSetterOfPropertyType (36 bytes)

Stack: [0x000000d145400000,0x000000d145500000]
Native frames: (J=compiled Java code, j=interpreted, Vv=VM code, C=native code)
V  [jvm.dll+0x6d83e9]
V  [jvm.dll+0x8b5736]
V  [jvm.dll+0x8b7cee]
V  [jvm.dll+0x8b83d3]
V  [jvm.dll+0x284596]
V  [jvm.dll+0xc685d]
V  [jvm.dll+0xc6da1]
V  [jvm.dll+0x2fb5ae]
V  [jvm.dll+0x5fee94]
V  [jvm.dll+0x255d67]
V  [jvm.dll+0x24e3bf]
V  [jvm.dll+0x24bbe6]
V  [jvm.dll+0x1cb4ae]
V  [jvm.dll+0x25baad]
V  [jvm.dll+0x25a03a]
V  [jvm.dll+0x3f8aae]
V  [jvm.dll+0x8600cd]
V  [jvm.dll+0x6d6c1d]
C  [ucrtbase.dll+0x2cd30]
C  [KERNEL32.DLL+0x2cd87]
C  [ntdll.dll+0xacaec]


---------------  P R O C E S S  ---------------

Threads class SMR info:
_java_thread_list=0x000002c37dce9180, length=236, elements={
0x000002c34a9a2310, 0x000002c378b7ba60, 0x000002c378b7c6c0, 0x000002c3450150b0,
0x000002c345019740, 0x000002c34501a920, 0x000002c3450262c0, 0x000002c34502de30,
0x000002c345032d80, 0x000002c345023b60, 0x000002c3450255a0, 0x000002c345026fe0,
0x000002c3450241f0, 0x000002c345024f10, 0x000002c345026950, 0x000002c346f23ea0,
0x000002c346f24530, 0x000002c346f22af0, 0x000002c346f24bc0, 0x000002c346f23180,
0x000002c346f25250, 0x000002c346f23810, 0x000002c346f22460, 0x000002c346f21dd0,
0x000002c346f26600, 0x000002c346f28d60, 0x000002c346f293f0, 0x000002c346f25f70,
0x000002c346f26c90, 0x000002c346f279b0, 0x000002c3462d3460, 0x000002c3462d4180,
0x000002c3462d3af0, 0x000002c3462d2dd0, 0x000002c3462d1a20, 0x000002c3462d68e0,
0x000002c3462d5530, 0x000002c3462d5bc0, 0x000002c3462d6250, 0x000002c3462d7c90,
0x000002c3462d7600, 0x000002c3462d6f70, 0x000002c3462d8320, 0x000002c346f27320,
0x000002c347699e70, 0x000002c347699150, 0x000002c34769a500, 0x000002c347697710,
0x000002c3476997e0, 0x000002c347698430, 0x000002c347697080, 0x000002c34769ab90,
0x000002c347698ac0, 0x000002c34769b220, 0x000002c347697da0, 0x000002c34769d980,
0x000002c34769d2f0, 0x000002c34769cc60, 0x000002c34769e010, 0x000002c34769e6a0,
0x000002c34769b8b0, 0x000002c34769c5d0, 0x000002c34769bf40, 0x000002c34509b040,
0x000002c34509eb50, 0x000002c34509d110, 0x000002c34509b6d0, 0x000002c34509d7a0,
0x000002c34509de30, 0x000002c34509bd60, 0x000002c34509e4c0, 0x000002c34509ca80,
0x000002c34509c3f0, 0x000002c34509ff00, 0x000002c3450a0c20, 0x000002c3450a1fd0,
0x000002c3450a0590, 0x000002c3450a12b0, 0x000002c3450a1940, 0x000002c3450a2660,
0x000002c34509f1e0, 0x000002c34509f870, 0x000002c37ce0e480, 0x000002c37ce0fec0,
0x000002c37ce0eb10, 0x000002c37ce0f1a0, 0x000002c37ce10550, 0x000002c37ce10be0,
0x000002c37ce11270, 0x000002c37ce11900, 0x000002c37ce0f830, 0x000002c345504060,
0x000002c345502620, 0x000002c37e496130, 0x000002c37e494d80, 0x000002c37e4939d0,
0x000002c37e496e50, 0x000002c37e495410, 0x000002c37e494060, 0x000002c37e497b70,
0x000002c37e4967c0, 0x000002c37e498890, 0x000002c37e498200, 0x000002c37e498f20,
0x000002c37e495aa0, 0x000002c37e4995b0, 0x000002c37e499c40, 0x000002c37e49a2d0,
0x000002c37e49a960, 0x000002c37e49aff0, 0x000002c37ce64300, 0x000002c37ce61ba0,
0x000002c37ce62f50, 0x000002c37ce628c0, 0x000002c37ce61510, 0x000002c37ce60e80,
0x000002c37ce656b0, 0x000002c37ce65020, 0x000002c37ce635e0, 0x000002c37ce62230,
0x000002c37ce670f0, 0x000002c37ce63c70, 0x000002c37ce64990, 0x000002c37ce65d40,
0x000002c37ce663d0, 0x000002c37ce66a60, 0x000002c37ce67780, 0x000002c37ce684a0,
0x000002c37ce67e10, 0x000002c3479290a0, 0x000002c34792a450, 0x000002c347929730,
0x000002c347928a10, 0x000002c347926fd0, 0x000002c347929dc0, 0x000002c34792aae0,
0x000002c347927660, 0x000002c34792b170, 0x000002c347927cf0, 0x000002c34792b800,
0x000002c347928380, 0x000002c34792be90, 0x000002c34792cbb0, 0x000002c34792c520,
0x000002c34792e5f0, 0x000002c34792df60, 0x000002c34792d240, 0x000002c34792d8d0,
0x000002c37e5d05f0, 0x000002c37e5ce520, 0x000002c37e5cebb0, 0x000002c37e5cf240,
0x000002c37e5d0c80, 0x000002c37e5cff60, 0x000002c37e5d1310, 0x000002c37e5cde90,
0x000002c37e5cf8d0, 0x000002c37e5d26c0, 0x000002c37e5d2d50, 0x000002c37e5d4790,
0x000002c37e5d4100, 0x000002c37e5d33e0, 0x000002c37e5d3a70, 0x000002c37e5d4e20,
0x000002c37e5d19a0, 0x000002c37e5d54b0, 0x000002c37e5d2030, 0x000002c37e5d61d0,
0x000002c37e5d8930, 0x000002c37e5d6ef0, 0x000002c37e5d6860, 0x000002c37e5d7580,
0x000002c37e5d7c10, 0x000002c37e5d82a0, 0x000002c37e5d8fc0, 0x000002c37e5d5b40,
0x000002c37e5da370, 0x000002c37e5db720, 0x000002c37e5d9ce0, 0x000002c37e5dcad0,
0x000002c37e5daa00, 0x000002c37e5db090, 0x000002c37e5dbdb0, 0x000002c37e5d9650,
0x000002c37e5dc440, 0x000002c37e5dd160, 0x000002c37e9586c0, 0x000002c37e958d50,
0x000002c37e957310, 0x000002c37e958030, 0x000002c37e9558d0, 0x000002c37e9579a0,
0x000002c37e9593e0, 0x000002c37e956c80, 0x000002c37e955f60, 0x000002c37e9565f0,
0x000002c37e95b4b0, 0x000002c37e95bb40, 0x000002c37e95c1d0, 0x000002c37e95ae20,
0x000002c37e95c860, 0x000002c37e959a70, 0x000002c37e95cef0, 0x000002c37e95a100,
0x000002c37e95dc10, 0x000002c37e95d580, 0x000002c37e95a790, 0x000002c37e95e930,
0x000002c37e95efc0, 0x000002c37e95f650, 0x000002c37e960a00, 0x000002c37e961720,
0x000002c37e961090, 0x000002c37e95fce0, 0x000002c37e95e2a0, 0x000002c37e963160,
0x000002c37e964ba0, 0x000002c37e962ad0, 0x000002c37e961db0, 0x000002c37e964510,
0x000002c37e962440, 0x000002c37e9637f0, 0x000002c37e963e80, 0x000002c3479ac770,
0x000002c3479ac0e0, 0x000002c3479aad30, 0x000002c3479ace00, 0x000002c3479ab3c0,
0x000002c3479ad490, 0x000002c3479aba50, 0x000002c3479aa010, 0x000002c3479aa6a0,
0x000002c3479b0910, 0x000002c3479afbf0, 0x000002c3479ae840, 0x000002c3479b0fa0
}

Java Threads: ( => current thread )
  0x000002c34a9a2310 JavaThread "main"                              [_thread_blocked, id=30276, stack(0x000000d144600000,0x000000d144700000) (1024K)]
  0x000002c378b7ba60 JavaThread "Reference Handler"          daemon [_thread_blocked, id=40872, stack(0x000000d144e00000,0x000000d144f00000) (1024K)]
  0x000002c378b7c6c0 JavaThread "Finalizer"                  daemon [_thread_blocked, id=6472, stack(0x000000d144f00000,0x000000d145000000) (1024K)]
  0x000002c3450150b0 JavaThread "Signal Dispatcher"          daemon [_thread_blocked, id=76308, stack(0x000000d145000000,0x000000d145100000) (1024K)]
  0x000002c345019740 JavaThread "Attach Listener"            daemon [_thread_blocked, id=35156, stack(0x000000d145100000,0x000000d145200000) (1024K)]
  0x000002c34501a920 JavaThread "Service Thread"             daemon [_thread_blocked, id=36192, stack(0x000000d145200000,0x000000d145300000) (1024K)]
  0x000002c3450262c0 JavaThread "Monitor Deflation Thread"   daemon [_thread_blocked, id=38796, stack(0x000000d145300000,0x000000d145400000) (1024K)]
=>0x000002c34502de30 JavaThread "C2 CompilerThread0"         daemon [_thread_in_native, id=38344, stack(0x000000d145400000,0x000000d145500000) (1024K)]
  0x000002c345032d80 JavaThread "C1 CompilerThread0"         daemon [_thread_in_native, id=22908, stack(0x000000d145500000,0x000000d145600000) (1024K)]
  0x000002c345023b60 JavaThread "Common-Cleaner"             daemon [_thread_blocked, id=56796, stack(0x000000d145700000,0x000000d145800000) (1024K)]
  0x000002c3450255a0 JavaThread "Notification Thread"        daemon [_thread_blocked, id=3608, stack(0x000000d145800000,0x000000d145900000) (1024K)]
  0x000002c345026fe0 JavaThread "Daemon health stats"               [_thread_blocked, id=55252, stack(0x000000d145e00000,0x000000d145f00000) (1024K)]
  0x000002c3450241f0 JavaThread "Incoming local TCP Connector on port 8606"        [_thread_in_native, id=12600, stack(0x000000d145f00000,0x000000d146000000) (1024K)]
  0x000002c345024f10 JavaThread "Daemon periodic checks"            [_thread_blocked, id=43956, stack(0x000000d146000000,0x000000d146100000) (1024K)]
  0x000002c345026950 JavaThread "Daemon"                            [_thread_blocked, id=81408, stack(0x000000d146100000,0x000000d146200000) (1024K)]
  0x000002c346f23ea0 JavaThread "Handler for socket connection from /127.0.0.1:8606 to /127.0.0.1:8607"        [_thread_in_native, id=64236, stack(0x000000d146200000,0x000000d146300000) (1024K)]
  0x000002c346f24530 JavaThread "Cancel handler"                    [_thread_blocked, id=3252, stack(0x000000d146300000,0x000000d146400000) (1024K)]
  0x000002c346f22af0 JavaThread "Daemon worker"                     [_thread_in_native, id=9452, stack(0x000000d146400000,0x000000d146500000) (1024K)]
  0x000002c346f24bc0 JavaThread "Asynchronous log dispatcher for DefaultDaemonConnection: socket connection from /127.0.0.1:8606 to /127.0.0.1:8607"        [_thread_blocked, id=63208, stack(0x000000d146500000,0x000000d146600000) (1024K)]
  0x000002c346f23180 JavaThread "Stdin handler"                     [_thread_blocked, id=83052, stack(0x000000d146600000,0x000000d146700000) (1024K)]
  0x000002c346f25250 JavaThread "Daemon client event forwarder"        [_thread_blocked, id=12320, stack(0x000000d146700000,0x000000d146800000) (1024K)]
  0x000002c346f23810 JavaThread "Cache worker for journal cache (C:\Users\AJI\.gradle\caches\journal-1)"        [_thread_blocked, id=74732, stack(0x000000d146800000,0x000000d146900000) (1024K)]
  0x000002c346f22460 JavaThread "File lock request listener"        [_thread_in_native, id=56168, stack(0x000000d146900000,0x000000d146a00000) (1024K)]
  0x000002c346f21dd0 JavaThread "Cache worker for file hash cache (C:\Users\AJI\.gradle\caches\9.1.0\fileHashes)"        [_thread_blocked, id=38444, stack(0x000000d146a00000,0x000000d146b00000) (1024K)]
  0x000002c346f26600 JavaThread "Cache worker for file hash cache (C:\Users\AJI\Documents\personal_website\ajilesh_web\aj_profile\android\.gradle\9.1.0\fileHashes)"        [_thread_blocked, id=69788, stack(0x000000d147700000,0x000000d147800000) (1024K)]
  0x000002c346f28d60 JavaThread "Cache worker for Build Output Cleanup Cache (C:\Users\AJI\Documents\personal_website\ajilesh_web\aj_profile\android\.gradle\buildOutputCleanup)"        [_thread_blocked, id=61528, stack(0x000000d147800000,0x000000d147900000) (1024K)]
  0x000002c346f293f0 JavaThread "File watcher server"        daemon [_thread_in_native, id=49920, stack(0x000000d147900000,0x000000d147a00000) (1024K)]
  0x000002c346f25f70 JavaThread "File watcher consumer"      daemon [_thread_blocked, id=38024, stack(0x000000d147a00000,0x000000d147b00000) (1024K)]
  0x000002c346f26c90 JavaThread "Cache worker for checksums cache (C:\Users\AJI\Documents\personal_website\ajilesh_web\aj_profile\android\.gradle\9.1.0\checksums)"        [_thread_blocked, id=69720, stack(0x000000d147b00000,0x000000d147c00000) (1024K)]
  0x000002c346f279b0 JavaThread "Cache worker for file content cache (C:\Users\AJI\.gradle\caches\9.1.0\fileContent)"        [_thread_blocked, id=49896, stack(0x000000d147c00000,0x000000d147d00000) (1024K)]
  0x000002c3462d3460 JavaThread "Cache worker for cache directory md-supplier (C:\Users\AJI\.gradle\caches\9.1.0\md-supplier)"        [_thread_blocked, id=41928, stack(0x000000d147d00000,0x000000d147e00000) (1024K)]
  0x000002c3462d4180 JavaThread "Cache worker for cache directory md-rule (C:\Users\AJI\.gradle\caches\9.1.0\md-rule)"        [_thread_blocked, id=17816, stack(0x000000d147e00000,0x000000d147f00000) (1024K)]
  0x000002c3462d3af0 JavaThread "File lock release action executor Thread 2"        [_thread_blocked, id=82308, stack(0x000000d144300000,0x000000d144400000) (1024K)]
  0x000002c3462d2dd0 JavaThread "Cache worker for Build Output Cleanup Cache (C:\Users\AJI\develop\flutter\packages\flutter_tools\gradle\.gradle\buildOutputCleanup)"        [_thread_blocked, id=63500, stack(0x000000d144400000,0x000000d144500000) (1024K)]
  0x000002c3462d1a20 JavaThread "Unconstrained build operations"        [_thread_blocked, id=38160, stack(0x000000d144500000,0x000000d144600000) (1024K)]
  0x000002c3462d68e0 JavaThread "Unconstrained build operations Thread 2"        [_thread_blocked, id=79828, stack(0x000000d146b00000,0x000000d146c00000) (1024K)]
  0x000002c3462d5530 JavaThread "Unconstrained build operations Thread 3"        [_thread_blocked, id=82860, stack(0x000000d147f00000,0x000000d148000000) (1024K)]
  0x000002c3462d5bc0 JavaThread "Unconstrained build operations Thread 4"        [_thread_blocked, id=69116, stack(0x000000d148000000,0x000000d148100000) (1024K)]
  0x000002c3462d6250 JavaThread "Unconstrained build operations Thread 5"        [_thread_blocked, id=80372, stack(0x000000d148100000,0x000000d148200000) (1024K)]
  0x000002c3462d7c90 JavaThread "Unconstrained build operations Thread 6"        [_thread_blocked, id=61492, stack(0x000000d148200000,0x000000d148300000) (1024K)]
  0x000002c3462d7600 JavaThread "Unconstrained build operations Thread 7"        [_thread_blocked, id=35284, stack(0x000000d148300000,0x000000d148400000) (1024K)]
  0x000002c3462d6f70 JavaThread "Unconstrained build operations Thread 8"        [_thread_blocked, id=54776, stack(0x000000d148400000,0x000000d148500000) (1024K)]
  0x000002c3462d8320 JavaThread "Unconstrained build operations Thread 9"        [_thread_blocked, id=25556, stack(0x000000d148500000,0x000000d148600000) (1024K)]
  0x000002c346f27320 JavaThread "Unconstrained build operations Thread 10"        [_thread_blocked, id=77560, stack(0x000000d148600000,0x000000d148700000) (1024K)]
  0x000002c347699e70 JavaThread "Unconstrained build operations Thread 11"        [_thread_blocked, id=67944, stack(0x000000d148700000,0x000000d148800000) (1024K)]
  0x000002c347699150 JavaThread "Unconstrained build operations Thread 12"        [_thread_blocked, id=55520, stack(0x000000d148800000,0x000000d148900000) (1024K)]
  0x000002c34769a500 JavaThread "Unconstrained build operations Thread 13"        [_thread_blocked, id=35392, stack(0x000000d148900000,0x000000d148a00000) (1024K)]
  0x000002c347697710 JavaThread "Unconstrained build operations Thread 14"        [_thread_blocked, id=42188, stack(0x000000d148a00000,0x000000d148b00000) (1024K)]
  0x000002c3476997e0 JavaThread "Unconstrained build operations Thread 15"        [_thread_blocked, id=70448, stack(0x000000d148b00000,0x000000d148c00000) (1024K)]
  0x000002c347698430 JavaThread "Unconstrained build operations Thread 16"        [_thread_blocked, id=29388, stack(0x000000d148c00000,0x000000d148d00000) (1024K)]
  0x000002c347697080 JavaThread "Unconstrained build operations Thread 17"        [_thread_blocked, id=32180, stack(0x000000d148d00000,0x000000d148e00000) (1024K)]
  0x000002c34769ab90 JavaThread "Unconstrained build operations Thread 18"        [_thread_blocked, id=48756, stack(0x000000d148e00000,0x000000d148f00000) (1024K)]
  0x000002c347698ac0 JavaThread "Unconstrained build operations Thread 19"        [_thread_blocked, id=51160, stack(0x000000d148f00000,0x000000d149000000) (1024K)]
  0x000002c34769b220 JavaThread "Unconstrained build operations Thread 20"        [_thread_blocked, id=43672, stack(0x000000d149000000,0x000000d149100000) (1024K)]
  0x000002c347697da0 JavaThread "Unconstrained build operations Thread 21"        [_thread_blocked, id=75804, stack(0x000000d149100000,0x000000d149200000) (1024K)]
  0x000002c34769d980 JavaThread "Unconstrained build operations Thread 22"        [_thread_blocked, id=51052, stack(0x000000d149200000,0x000000d149300000) (1024K)]
  0x000002c34769d2f0 JavaThread "Unconstrained build operations Thread 23"        [_thread_blocked, id=78104, stack(0x000000d149300000,0x000000d149400000) (1024K)]
  0x000002c34769cc60 JavaThread "Unconstrained build operations Thread 24"        [_thread_blocked, id=67892, stack(0x000000d149400000,0x000000d149500000) (1024K)]
  0x000002c34769e010 JavaThread "Unconstrained build operations Thread 25"        [_thread_blocked, id=49624, stack(0x000000d149500000,0x000000d149600000) (1024K)]
  0x000002c34769e6a0 JavaThread "Unconstrained build operations Thread 26"        [_thread_blocked, id=64092, stack(0x000000d149600000,0x000000d149700000) (1024K)]
  0x000002c34769b8b0 JavaThread "Unconstrained build operations Thread 27"        [_thread_blocked, id=56444, stack(0x000000d149700000,0x000000d149800000) (1024K)]
  0x000002c34769c5d0 JavaThread "Unconstrained build operations Thread 28"        [_thread_blocked, id=28068, stack(0x000000d149800000,0x000000d149900000) (1024K)]
  0x000002c34769bf40 JavaThread "Unconstrained build operations Thread 29"        [_thread_blocked, id=73492, stack(0x000000d149900000,0x000000d149a00000) (1024K)]
  0x000002c34509b040 JavaThread "Unconstrained build operations Thread 30"        [_thread_blocked, id=51452, stack(0x000000d149a00000,0x000000d149b00000) (1024K)]
  0x000002c34509eb50 JavaThread "Unconstrained build operations Thread 31"        [_thread_blocked, id=26248, stack(0x000000d149b00000,0x000000d149c00000) (1024K)]
  0x000002c34509d110 JavaThread "Unconstrained build operations Thread 32"        [_thread_blocked, id=23176, stack(0x000000d149c00000,0x000000d149d00000) (1024K)]
  0x000002c34509b6d0 JavaThread "Unconstrained build operations Thread 33"        [_thread_blocked, id=37188, stack(0x000000d149d00000,0x000000d149e00000) (1024K)]
  0x000002c34509d7a0 JavaThread "Unconstrained build operations Thread 34"        [_thread_blocked, id=58252, stack(0x000000d149e00000,0x000000d149f00000) (1024K)]
  0x000002c34509de30 JavaThread "Unconstrained build operations Thread 35"        [_thread_blocked, id=76256, stack(0x000000d149f00000,0x000000d14a000000) (1024K)]
  0x000002c34509bd60 JavaThread "Unconstrained build operations Thread 36"        [_thread_blocked, id=50832, stack(0x000000d14a000000,0x000000d14a100000) (1024K)]
  0x000002c34509e4c0 JavaThread "Unconstrained build operations Thread 37"        [_thread_blocked, id=69524, stack(0x000000d14a100000,0x000000d14a200000) (1024K)]
  0x000002c34509ca80 JavaThread "Unconstrained build operations Thread 38"        [_thread_blocked, id=44176, stack(0x000000d14a200000,0x000000d14a300000) (1024K)]
  0x000002c34509c3f0 JavaThread "Unconstrained build operations Thread 39"        [_thread_blocked, id=48616, stack(0x000000d14a300000,0x000000d14a400000) (1024K)]
  0x000002c34509ff00 JavaThread "Unconstrained build operations Thread 40"        [_thread_blocked, id=16612, stack(0x000000d14a400000,0x000000d14a500000) (1024K)]
  0x000002c3450a0c20 JavaThread "Unconstrained build operations Thread 41"        [_thread_blocked, id=35468, stack(0x000000d14a500000,0x000000d14a600000) (1024K)]
  0x000002c3450a1fd0 JavaThread "Unconstrained build operations Thread 42"        [_thread_blocked, id=31708, stack(0x000000d14a600000,0x000000d14a700000) (1024K)]
  0x000002c3450a0590 JavaThread "Unconstrained build operations Thread 43"        [_thread_blocked, id=77092, stack(0x000000d14a700000,0x000000d14a800000) (1024K)]
  0x000002c3450a12b0 JavaThread "Unconstrained build operations Thread 44"        [_thread_blocked, id=76728, stack(0x000000d14a800000,0x000000d14a900000) (1024K)]
  0x000002c3450a1940 JavaThread "Unconstrained build operations Thread 45"        [_thread_blocked, id=81536, stack(0x000000d14a900000,0x000000d14aa00000) (1024K)]
  0x000002c3450a2660 JavaThread "Unconstrained build operations Thread 46"        [_thread_blocked, id=70196, stack(0x000000d14aa00000,0x000000d14ab00000) (1024K)]
  0x000002c34509f1e0 JavaThread "Unconstrained build operations Thread 47"        [_thread_blocked, id=79176, stack(0x000000d14ab00000,0x000000d14ac00000) (1024K)]
  0x000002c34509f870 JavaThread "Unconstrained build operations Thread 48"        [_thread_blocked, id=70616, stack(0x000000d14ac00000,0x000000d14ad00000) (1024K)]
  0x000002c37ce0e480 JavaThread "Unconstrained build operations Thread 49"        [_thread_blocked, id=5268, stack(0x000000d14ad00000,0x000000d14ae00000) (1024K)]
  0x000002c37ce0fec0 JavaThread "Unconstrained build operations Thread 50"        [_thread_blocked, id=49500, stack(0x000000d14ae00000,0x000000d14af00000) (1024K)]
  0x000002c37ce0eb10 JavaThread "Unconstrained build operations Thread 51"        [_thread_blocked, id=66688, stack(0x000000d14af00000,0x000000d14b000000) (1024K)]
  0x000002c37ce0f1a0 JavaThread "Unconstrained build operations Thread 52"        [_thread_blocked, id=61516, stack(0x000000d14b000000,0x000000d14b100000) (1024K)]
  0x000002c37ce10550 JavaThread "Unconstrained build operations Thread 53"        [_thread_blocked, id=31480, stack(0x000000d14b100000,0x000000d14b200000) (1024K)]
  0x000002c37ce10be0 JavaThread "Unconstrained build operations Thread 54"        [_thread_blocked, id=34104, stack(0x000000d14b200000,0x000000d14b300000) (1024K)]
  0x000002c37ce11270 JavaThread "Unconstrained build operations Thread 55"        [_thread_blocked, id=12928, stack(0x000000d14b300000,0x000000d14b400000) (1024K)]
  0x000002c37ce11900 JavaThread "Unconstrained build operations Thread 56"        [_thread_blocked, id=51100, stack(0x000000d14b400000,0x000000d14b500000) (1024K)]
  0x000002c37ce0f830 JavaThread "Unconstrained build operations Thread 57"        [_thread_blocked, id=27348, stack(0x000000d14b500000,0x000000d14b600000) (1024K)]
  0x000002c345504060 JavaThread "Memory manager"                    [_thread_blocked, id=5232, stack(0x000000d14b600000,0x000000d14b700000) (1024K)]
  0x000002c345502620 JavaThread "build event listener"              [_thread_blocked, id=28192, stack(0x000000d14b700000,0x000000d14b800000) (1024K)]
  0x000002c37e496130 JavaThread "File lock release action executor Thread 3"        [_thread_blocked, id=22612, stack(0x000000d14b800000,0x000000d14b900000) (1024K)]
  0x000002c37e494d80 JavaThread "File lock release action executor Thread 4"        [_thread_blocked, id=83764, stack(0x000000d14b900000,0x000000d14ba00000) (1024K)]
  0x000002c37e4939d0 JavaThread "File lock release action executor Thread 5"        [_thread_blocked, id=72928, stack(0x000000d14ba00000,0x000000d14bb00000) (1024K)]
  0x000002c37e496e50 JavaThread "File lock release action executor Thread 6"        [_thread_blocked, id=11688, stack(0x000000d14bb00000,0x000000d14bc00000) (1024K)]
  0x000002c37e495410 JavaThread "included builds"                   [_thread_blocked, id=72900, stack(0x000000d14be00000,0x000000d14bf00000) (1024K)]
  0x000002c37e494060 JavaThread "Execution worker"                  [_thread_blocked, id=48188, stack(0x000000d14bf00000,0x000000d14c000000) (1024K)]
  0x000002c37e497b70 JavaThread "Execution worker Thread 2"         [_thread_blocked, id=29548, stack(0x000000d14c000000,0x000000d14c100000) (1024K)]
  0x000002c37e4967c0 JavaThread "Execution worker Thread 3"         [_thread_blocked, id=55544, stack(0x000000d14c100000,0x000000d14c200000) (1024K)]
  0x000002c37e498890 JavaThread "Execution worker Thread 4"         [_thread_blocked, id=24944, stack(0x000000d14c200000,0x000000d14c300000) (1024K)]
  0x000002c37e498200 JavaThread "Execution worker Thread 5"         [_thread_blocked, id=19116, stack(0x000000d14c300000,0x000000d14c400000) (1024K)]
  0x000002c37e498f20 JavaThread "Execution worker Thread 6"         [_thread_blocked, id=57556, stack(0x000000d14c400000,0x000000d14c500000) (1024K)]
  0x000002c37e495aa0 JavaThread "Execution worker Thread 7"         [_thread_blocked, id=61852, stack(0x000000d14c500000,0x000000d14c600000) (1024K)]
  0x000002c37e4995b0 JavaThread "Execution worker Thread 8"         [_thread_blocked, id=24388, stack(0x000000d14c600000,0x000000d14c700000) (1024K)]
  0x000002c37e499c40 JavaThread "Execution worker Thread 9"         [_thread_blocked, id=25356, stack(0x000000d14c700000,0x000000d14c800000) (1024K)]
  0x000002c37e49a2d0 JavaThread "Execution worker Thread 10"        [_thread_blocked, id=73920, stack(0x000000d14c800000,0x000000d14c900000) (1024K)]
  0x000002c37e49a960 JavaThread "Execution worker Thread 11"        [_thread_blocked, id=48372, stack(0x000000d14c900000,0x000000d14ca00000) (1024K)]
  0x000002c37e49aff0 JavaThread "Execution worker Thread 12"        [_thread_blocked, id=73416, stack(0x000000d14ca00000,0x000000d14cb00000) (1024K)]
  0x000002c37ce64300 JavaThread "Execution worker Thread 13"        [_thread_blocked, id=82920, stack(0x000000d14cb00000,0x000000d14cc00000) (1024K)]
  0x000002c37ce61ba0 JavaThread "Execution worker Thread 14"        [_thread_blocked, id=80628, stack(0x000000d14cc00000,0x000000d14cd00000) (1024K)]
  0x000002c37ce62f50 JavaThread "Execution worker Thread 15"        [_thread_blocked, id=69332, stack(0x000000d14cd00000,0x000000d14ce00000) (1024K)]
  0x000002c37ce628c0 JavaThread "Execution worker Thread 16"        [_thread_blocked, id=61144, stack(0x000000d14ce00000,0x000000d14cf00000) (1024K)]
  0x000002c37ce61510 JavaThread "Execution worker Thread 17"        [_thread_blocked, id=49556, stack(0x000000d14cf00000,0x000000d14d000000) (1024K)]
  0x000002c37ce60e80 JavaThread "Execution worker Thread 18"        [_thread_blocked, id=59084, stack(0x000000d14d000000,0x000000d14d100000) (1024K)]
  0x000002c37ce656b0 JavaThread "Execution worker Thread 19"        [_thread_blocked, id=34220, stack(0x000000d14d100000,0x000000d14d200000) (1024K)]
  0x000002c37ce65020 JavaThread "Cache worker for execution history cache (C:\Users\AJI\develop\flutter\packages\flutter_tools\gradle\.gradle\9.1.0\executionHistory)"        [_thread_blocked, id=39664, stack(0x000000d14d200000,0x000000d14d300000) (1024K)]
  0x000002c37ce635e0 JavaThread "Unconstrained build operations Thread 58"        [_thread_blocked, id=53436, stack(0x000000d14d300000,0x000000d14d400000) (1024K)]
  0x000002c37ce62230 JavaThread "Unconstrained build operations Thread 59"        [_thread_blocked, id=71848, stack(0x000000d14d400000,0x000000d14d500000) (1024K)]
  0x000002c37ce670f0 JavaThread "Unconstrained build operations Thread 60"        [_thread_blocked, id=37916, stack(0x000000d14d500000,0x000000d14d600000) (1024K)]
  0x000002c37ce63c70 JavaThread "Unconstrained build operations Thread 61"        [_thread_blocked, id=18980, stack(0x000000d14d600000,0x000000d14d700000) (1024K)]
  0x000002c37ce64990 JavaThread "Unconstrained build operations Thread 62"        [_thread_blocked, id=45356, stack(0x000000d14d700000,0x000000d14d800000) (1024K)]
  0x000002c37ce65d40 JavaThread "Unconstrained build operations Thread 63"        [_thread_blocked, id=60136, stack(0x000000d14d800000,0x000000d14d900000) (1024K)]
  0x000002c37ce663d0 JavaThread "Unconstrained build operations Thread 64"        [_thread_blocked, id=29504, stack(0x000000d14d900000,0x000000d14da00000) (1024K)]
  0x000002c37ce66a60 JavaThread "Unconstrained build operations Thread 65"        [_thread_blocked, id=43136, stack(0x000000d14da00000,0x000000d14db00000) (1024K)]
  0x000002c37ce67780 JavaThread "Unconstrained build operations Thread 66"        [_thread_blocked, id=30000, stack(0x000000d14db00000,0x000000d14dc00000) (1024K)]
  0x000002c37ce684a0 JavaThread "Unconstrained build operations Thread 67"        [_thread_blocked, id=34052, stack(0x000000d14dc00000,0x000000d14dd00000) (1024K)]
  0x000002c37ce67e10 JavaThread "Unconstrained build operations Thread 68"        [_thread_blocked, id=43372, stack(0x000000d14dd00000,0x000000d14de00000) (1024K)]
  0x000002c3479290a0 JavaThread "Unconstrained build operations Thread 69"        [_thread_blocked, id=30116, stack(0x000000d14de00000,0x000000d14df00000) (1024K)]
  0x000002c34792a450 JavaThread "Unconstrained build operations Thread 70"        [_thread_blocked, id=51736, stack(0x000000d14df00000,0x000000d14e000000) (1024K)]
  0x000002c347929730 JavaThread "Unconstrained build operations Thread 71"        [_thread_blocked, id=67056, stack(0x000000d14e000000,0x000000d14e100000) (1024K)]
  0x000002c347928a10 JavaThread "Unconstrained build operations Thread 72"        [_thread_blocked, id=2388, stack(0x000000d14e100000,0x000000d14e200000) (1024K)]
  0x000002c347926fd0 JavaThread "Unconstrained build operations Thread 73"        [_thread_blocked, id=19264, stack(0x000000d14e200000,0x000000d14e300000) (1024K)]
  0x000002c347929dc0 JavaThread "Unconstrained build operations Thread 74"        [_thread_blocked, id=44772, stack(0x000000d14e300000,0x000000d14e400000) (1024K)]
  0x000002c34792aae0 JavaThread "Unconstrained build operations Thread 75"        [_thread_blocked, id=81232, stack(0x000000d14e400000,0x000000d14e500000) (1024K)]
  0x000002c347927660 JavaThread "Unconstrained build operations Thread 76"        [_thread_blocked, id=52104, stack(0x000000d14e500000,0x000000d14e600000) (1024K)]
  0x000002c34792b170 JavaThread "Unconstrained build operations Thread 77"        [_thread_blocked, id=81720, stack(0x000000d14e600000,0x000000d14e700000) (1024K)]
  0x000002c347927cf0 JavaThread "Unconstrained build operations Thread 78"        [_thread_blocked, id=64760, stack(0x000000d14e700000,0x000000d14e800000) (1024K)]
  0x000002c34792b800 JavaThread "Unconstrained build operations Thread 79"        [_thread_blocked, id=62984, stack(0x000000d14e800000,0x000000d14e900000) (1024K)]
  0x000002c347928380 JavaThread "Unconstrained build operations Thread 80"        [_thread_blocked, id=83600, stack(0x000000d14e900000,0x000000d14ea00000) (1024K)]
  0x000002c34792be90 JavaThread "Unconstrained build operations Thread 81"        [_thread_blocked, id=49780, stack(0x000000d14ea00000,0x000000d14eb00000) (1024K)]
  0x000002c34792cbb0 JavaThread "Unconstrained build operations Thread 82"        [_thread_blocked, id=83092, stack(0x000000d14eb00000,0x000000d14ec00000) (1024K)]
  0x000002c34792c520 JavaThread "Unconstrained build operations Thread 83"        [_thread_blocked, id=54076, stack(0x000000d14ec00000,0x000000d14ed00000) (1024K)]
  0x000002c34792e5f0 JavaThread "Unconstrained build operations Thread 84"        [_thread_blocked, id=81176, stack(0x000000d14ed00000,0x000000d14ee00000) (1024K)]
  0x000002c34792df60 JavaThread "Unconstrained build operations Thread 85"        [_thread_blocked, id=46788, stack(0x000000d14ee00000,0x000000d14ef00000) (1024K)]
  0x000002c34792d240 JavaThread "Unconstrained build operations Thread 86"        [_thread_blocked, id=58048, stack(0x000000d14ef00000,0x000000d14f000000) (1024K)]
  0x000002c34792d8d0 JavaThread "Unconstrained build operations Thread 87"        [_thread_blocked, id=78044, stack(0x000000d14f000000,0x000000d14f100000) (1024K)]
  0x000002c37e5d05f0 JavaThread "Unconstrained build operations Thread 88"        [_thread_blocked, id=74168, stack(0x000000d14f100000,0x000000d14f200000) (1024K)]
  0x000002c37e5ce520 JavaThread "Unconstrained build operations Thread 89"        [_thread_blocked, id=8188, stack(0x000000d14f200000,0x000000d14f300000) (1024K)]
  0x000002c37e5cebb0 JavaThread "Unconstrained build operations Thread 90"        [_thread_blocked, id=34884, stack(0x000000d14f300000,0x000000d14f400000) (1024K)]
  0x000002c37e5cf240 JavaThread "Unconstrained build operations Thread 91"        [_thread_blocked, id=65136, stack(0x000000d14f400000,0x000000d14f500000) (1024K)]
  0x000002c37e5d0c80 JavaThread "Unconstrained build operations Thread 92"        [_thread_blocked, id=78844, stack(0x000000d14f500000,0x000000d14f600000) (1024K)]
  0x000002c37e5cff60 JavaThread "Unconstrained build operations Thread 93"        [_thread_blocked, id=32024, stack(0x000000d14f600000,0x000000d14f700000) (1024K)]
  0x000002c37e5d1310 JavaThread "Unconstrained build operations Thread 94"        [_thread_blocked, id=36388, stack(0x000000d14f700000,0x000000d14f800000) (1024K)]
  0x000002c37e5cde90 JavaThread "Unconstrained build operations Thread 95"        [_thread_blocked, id=11312, stack(0x000000d14f800000,0x000000d14f900000) (1024K)]
  0x000002c37e5cf8d0 JavaThread "Unconstrained build operations Thread 96"        [_thread_blocked, id=35376, stack(0x000000d14f900000,0x000000d14fa00000) (1024K)]
  0x000002c37e5d26c0 JavaThread "Unconstrained build operations Thread 97"        [_thread_blocked, id=39796, stack(0x000000d14fa00000,0x000000d14fb00000) (1024K)]
  0x000002c37e5d2d50 JavaThread "Unconstrained build operations Thread 98"        [_thread_blocked, id=50392, stack(0x000000d14fb00000,0x000000d14fc00000) (1024K)]
  0x000002c37e5d4790 JavaThread "Unconstrained build operations Thread 99"        [_thread_blocked, id=11952, stack(0x000000d14fc00000,0x000000d14fd00000) (1024K)]
  0x000002c37e5d4100 JavaThread "Unconstrained build operations Thread 100"        [_thread_blocked, id=83192, stack(0x000000d14fd00000,0x000000d14fe00000) (1024K)]
  0x000002c37e5d33e0 JavaThread "Unconstrained build operations Thread 101"        [_thread_blocked, id=69768, stack(0x000000d14fe00000,0x000000d14ff00000) (1024K)]
  0x000002c37e5d3a70 JavaThread "Unconstrained build operations Thread 102"        [_thread_blocked, id=8088, stack(0x000000d14ff00000,0x000000d150000000) (1024K)]
  0x000002c37e5d4e20 JavaThread "Unconstrained build operations Thread 103"        [_thread_blocked, id=17724, stack(0x000000d150000000,0x000000d150100000) (1024K)]
  0x000002c37e5d19a0 JavaThread "Unconstrained build operations Thread 104"        [_thread_blocked, id=48276, stack(0x000000d150100000,0x000000d150200000) (1024K)]
  0x000002c37e5d54b0 JavaThread "Unconstrained build operations Thread 105"        [_thread_blocked, id=78448, stack(0x000000d150200000,0x000000d150300000) (1024K)]
  0x000002c37e5d2030 JavaThread "Unconstrained build operations Thread 106"        [_thread_blocked, id=82600, stack(0x000000d150300000,0x000000d150400000) (1024K)]
  0x000002c37e5d61d0 JavaThread "Unconstrained build operations Thread 107"        [_thread_blocked, id=63472, stack(0x000000d150400000,0x000000d150500000) (1024K)]
  0x000002c37e5d8930 JavaThread "Unconstrained build operations Thread 108"        [_thread_blocked, id=3892, stack(0x000000d150500000,0x000000d150600000) (1024K)]
  0x000002c37e5d6ef0 JavaThread "Unconstrained build operations Thread 109"        [_thread_blocked, id=43368, stack(0x000000d150600000,0x000000d150700000) (1024K)]
  0x000002c37e5d6860 JavaThread "Unconstrained build operations Thread 110"        [_thread_blocked, id=48112, stack(0x000000d150700000,0x000000d150800000) (1024K)]
  0x000002c37e5d7580 JavaThread "Unconstrained build operations Thread 111"        [_thread_blocked, id=62672, stack(0x000000d150800000,0x000000d150900000) (1024K)]
  0x000002c37e5d7c10 JavaThread "Unconstrained build operations Thread 112"        [_thread_blocked, id=34972, stack(0x000000d150900000,0x000000d150a00000) (1024K)]
  0x000002c37e5d82a0 JavaThread "Unconstrained build operations Thread 113"        [_thread_blocked, id=70724, stack(0x000000d150a00000,0x000000d150b00000) (1024K)]
  0x000002c37e5d8fc0 JavaThread "Unconstrained build operations Thread 114"        [_thread_blocked, id=10032, stack(0x000000d150b00000,0x000000d150c00000) (1024K)]
  0x000002c37e5d5b40 JavaThread "Unconstrained build operations Thread 115"        [_thread_blocked, id=66168, stack(0x000000d150c00000,0x000000d150d00000) (1024K)]
  0x000002c37e5da370 JavaThread "Unconstrained build operations Thread 116"        [_thread_blocked, id=14260, stack(0x000000d150d00000,0x000000d150e00000) (1024K)]
  0x000002c37e5db720 JavaThread "Unconstrained build operations Thread 117"        [_thread_blocked, id=27700, stack(0x000000d150e00000,0x000000d150f00000) (1024K)]
  0x000002c37e5d9ce0 JavaThread "Unconstrained build operations Thread 118"        [_thread_blocked, id=44136, stack(0x000000d150f00000,0x000000d151000000) (1024K)]
  0x000002c37e5dcad0 JavaThread "Unconstrained build operations Thread 119"        [_thread_blocked, id=67028, stack(0x000000d151000000,0x000000d151100000) (1024K)]
  0x000002c37e5daa00 JavaThread "Unconstrained build operations Thread 120"        [_thread_blocked, id=81860, stack(0x000000d151100000,0x000000d151200000) (1024K)]
  0x000002c37e5db090 JavaThread "Unconstrained build operations Thread 121"        [_thread_blocked, id=68144, stack(0x000000d151200000,0x000000d151300000) (1024K)]
  0x000002c37e5dbdb0 JavaThread "Unconstrained build operations Thread 122"        [_thread_blocked, id=45452, stack(0x000000d151300000,0x000000d151400000) (1024K)]
  0x000002c37e5d9650 JavaThread "Unconstrained build operations Thread 123"        [_thread_blocked, id=9224, stack(0x000000d151400000,0x000000d151500000) (1024K)]
  0x000002c37e5dc440 JavaThread "Unconstrained build operations Thread 124"        [_thread_blocked, id=35984, stack(0x000000d151500000,0x000000d151600000) (1024K)]
  0x000002c37e5dd160 JavaThread "Unconstrained build operations Thread 125"        [_thread_blocked, id=38300, stack(0x000000d151600000,0x000000d151700000) (1024K)]
  0x000002c37e9586c0 JavaThread "Unconstrained build operations Thread 126"        [_thread_blocked, id=62752, stack(0x000000d151700000,0x000000d151800000) (1024K)]
  0x000002c37e958d50 JavaThread "Unconstrained build operations Thread 127"        [_thread_blocked, id=49268, stack(0x000000d151800000,0x000000d151900000) (1024K)]
  0x000002c37e957310 JavaThread "Unconstrained build operations Thread 128"        [_thread_blocked, id=71224, stack(0x000000d151900000,0x000000d151a00000) (1024K)]
  0x000002c37e958030 JavaThread "Unconstrained build operations Thread 129"        [_thread_blocked, id=67380, stack(0x000000d151a00000,0x000000d151b00000) (1024K)]
  0x000002c37e9558d0 JavaThread "Unconstrained build operations Thread 130"        [_thread_blocked, id=42028, stack(0x000000d151b00000,0x000000d151c00000) (1024K)]
  0x000002c37e9579a0 JavaThread "Unconstrained build operations Thread 131"        [_thread_blocked, id=37960, stack(0x000000d151c00000,0x000000d151d00000) (1024K)]
  0x000002c37e9593e0 JavaThread "Unconstrained build operations Thread 132"        [_thread_blocked, id=59616, stack(0x000000d151d00000,0x000000d151e00000) (1024K)]
  0x000002c37e956c80 JavaThread "Unconstrained build operations Thread 133"        [_thread_blocked, id=52568, stack(0x000000d151e00000,0x000000d151f00000) (1024K)]
  0x000002c37e955f60 JavaThread "Unconstrained build operations Thread 134"        [_thread_blocked, id=48280, stack(0x000000d151f00000,0x000000d152000000) (1024K)]
  0x000002c37e9565f0 JavaThread "Unconstrained build operations Thread 135"        [_thread_blocked, id=34584, stack(0x000000d152000000,0x000000d152100000) (1024K)]
  0x000002c37e95b4b0 JavaThread "Unconstrained build operations Thread 136"        [_thread_blocked, id=38376, stack(0x000000d152100000,0x000000d152200000) (1024K)]
  0x000002c37e95bb40 JavaThread "Unconstrained build operations Thread 137"        [_thread_blocked, id=23512, stack(0x000000d152200000,0x000000d152300000) (1024K)]
  0x000002c37e95c1d0 JavaThread "Unconstrained build operations Thread 138"        [_thread_blocked, id=54796, stack(0x000000d152300000,0x000000d152400000) (1024K)]
  0x000002c37e95ae20 JavaThread "Unconstrained build operations Thread 139"        [_thread_blocked, id=53300, stack(0x000000d152400000,0x000000d152500000) (1024K)]
  0x000002c37e95c860 JavaThread "Unconstrained build operations Thread 140"        [_thread_blocked, id=37116, stack(0x000000d152500000,0x000000d152600000) (1024K)]
  0x000002c37e959a70 JavaThread "Unconstrained build operations Thread 141"        [_thread_blocked, id=53996, stack(0x000000d152600000,0x000000d152700000) (1024K)]
  0x000002c37e95cef0 JavaThread "Unconstrained build operations Thread 142"        [_thread_blocked, id=40212, stack(0x000000d152700000,0x000000d152800000) (1024K)]
  0x000002c37e95a100 JavaThread "Unconstrained build operations Thread 143"        [_thread_blocked, id=80120, stack(0x000000d152800000,0x000000d152900000) (1024K)]
  0x000002c37e95dc10 JavaThread "Unconstrained build operations Thread 144"        [_thread_blocked, id=71188, stack(0x000000d152900000,0x000000d152a00000) (1024K)]
  0x000002c37e95d580 JavaThread "Unconstrained build operations Thread 145"        [_thread_blocked, id=68564, stack(0x000000d152a00000,0x000000d152b00000) (1024K)]
  0x000002c37e95a790 JavaThread "Unconstrained build operations Thread 146"        [_thread_blocked, id=81448, stack(0x000000d152b00000,0x000000d152c00000) (1024K)]
  0x000002c37e95e930 JavaThread "Unconstrained build operations Thread 147"        [_thread_blocked, id=3168, stack(0x000000d152c00000,0x000000d152d00000) (1024K)]
  0x000002c37e95efc0 JavaThread "Unconstrained build operations Thread 148"        [_thread_blocked, id=56156, stack(0x000000d152d00000,0x000000d152e00000) (1024K)]
  0x000002c37e95f650 JavaThread "Unconstrained build operations Thread 149"        [_thread_blocked, id=49408, stack(0x000000d152e00000,0x000000d152f00000) (1024K)]
  0x000002c37e960a00 JavaThread "Unconstrained build operations Thread 150"        [_thread_blocked, id=43964, stack(0x000000d152f00000,0x000000d153000000) (1024K)]
  0x000002c37e961720 JavaThread "Unconstrained build operations Thread 151"        [_thread_blocked, id=24084, stack(0x000000d153000000,0x000000d153100000) (1024K)]
  0x000002c37e961090 JavaThread "Unconstrained build operations Thread 152"        [_thread_blocked, id=8180, stack(0x000000d153100000,0x000000d153200000) (1024K)]
  0x000002c37e95fce0 JavaThread "Unconstrained build operations Thread 153"        [_thread_blocked, id=39252, stack(0x000000d153200000,0x000000d153300000) (1024K)]
  0x000002c37e95e2a0 JavaThread "Unconstrained build operations Thread 154"        [_thread_blocked, id=58336, stack(0x000000d153300000,0x000000d153400000) (1024K)]
  0x000002c37e963160 JavaThread "Unconstrained build operations Thread 155"        [_thread_blocked, id=18064, stack(0x000000d153400000,0x000000d153500000) (1024K)]
  0x000002c37e964ba0 JavaThread "Unconstrained build operations Thread 156"        [_thread_blocked, id=55192, stack(0x000000d153500000,0x000000d153600000) (1024K)]
  0x000002c37e962ad0 JavaThread "Unconstrained build operations Thread 157"        [_thread_blocked, id=61248, stack(0x000000d153600000,0x000000d153700000) (1024K)]
  0x000002c37e961db0 JavaThread "Unconstrained build operations Thread 158"        [_thread_blocked, id=46320, stack(0x000000d153700000,0x000000d153800000) (1024K)]
  0x000002c37e964510 JavaThread "Unconstrained build operations Thread 159"        [_thread_blocked, id=70192, stack(0x000000d153800000,0x000000d153900000) (1024K)]
  0x000002c37e962440 JavaThread "Unconstrained build operations Thread 160"        [_thread_blocked, id=47328, stack(0x000000d153900000,0x000000d153a00000) (1024K)]
  0x000002c37e9637f0 JavaThread "Unconstrained build operations Thread 161"        [_thread_blocked, id=53328, stack(0x000000d153a00000,0x000000d153b00000) (1024K)]
  0x000002c37e963e80 JavaThread "Unconstrained build operations Thread 162"        [_thread_blocked, id=42124, stack(0x000000d153b00000,0x000000d153c00000) (1024K)]
  0x000002c3479ac770 JavaThread "Unconstrained build operations Thread 163"        [_thread_blocked, id=69144, stack(0x000000d153c00000,0x000000d153d00000) (1024K)]
  0x000002c3479ac0e0 JavaThread "Unconstrained build operations Thread 164"        [_thread_blocked, id=50660, stack(0x000000d153d00000,0x000000d153e00000) (1024K)]
  0x000002c3479aad30 JavaThread "Unconstrained build operations Thread 165"        [_thread_blocked, id=72180, stack(0x000000d153e00000,0x000000d153f00000) (1024K)]
  0x000002c3479ace00 JavaThread "Unconstrained build operations Thread 166"        [_thread_blocked, id=4196, stack(0x000000d153f00000,0x000000d154000000) (1024K)]
  0x000002c3479ab3c0 JavaThread "Unconstrained build operations Thread 167"        [_thread_blocked, id=33832, stack(0x000000d154000000,0x000000d154100000) (1024K)]
  0x000002c3479ad490 JavaThread "Unconstrained build operations Thread 168"        [_thread_blocked, id=54320, stack(0x000000d154100000,0x000000d154200000) (1024K)]
  0x000002c3479aba50 JavaThread "File lock release action executor Thread 7"        [_thread_blocked, id=59212, stack(0x000000d154400000,0x000000d154500000) (1024K)]
  0x000002c3479aa010 JavaThread "File lock release action executor Thread 8"        [_thread_blocked, id=36116, stack(0x000000d154500000,0x000000d154600000) (1024K)]
  0x000002c3479aa6a0 JavaThread "File lock release action executor Thread 9"        [_thread_blocked, id=37628, stack(0x000000d154600000,0x000000d154700000) (1024K)]
  0x000002c3479b0910 JavaThread "File lock release action executor Thread 10"        [_thread_blocked, id=81472, stack(0x000000d154700000,0x000000d154800000) (1024K)]
  0x000002c3479afbf0 JavaThread "File lock release action executor Thread 11"        [_thread_blocked, id=68372, stack(0x000000d154800000,0x000000d154900000) (1024K)]
  0x000002c3479ae840 JavaThread "File lock release action executor Thread 12"        [_thread_blocked, id=57404, stack(0x000000d154900000,0x000000d154a00000) (1024K)]
  0x000002c3479b0fa0 JavaThread "File lock release action executor Thread 13"        [_thread_blocked, id=66744, stack(0x000000d154a00000,0x000000d154b00000) (1024K)]
Total: 236

Other Threads:
  0x000002c378b60990 VMThread "VM Thread"                           [id=40904, stack(0x000000d144d00000,0x000000d144e00000) (1024K)]
  0x000002c378b516c0 WatcherThread "VM Periodic Task Thread"        [id=68380, stack(0x000000d144c00000,0x000000d144d00000) (1024K)]
  0x000002c34aa4cfd0 WorkerThread "GC Thread#0"                     [id=57528, stack(0x000000d144700000,0x000000d144800000) (1024K)]
  0x000002c3454d97e0 WorkerThread "GC Thread#1"                     [id=66876, stack(0x000000d145900000,0x000000d145a00000) (1024K)]
  0x000002c3454d9b90 WorkerThread "GC Thread#2"                     [id=48808, stack(0x000000d145a00000,0x000000d145b00000) (1024K)]
  0x000002c345376390 WorkerThread "GC Thread#3"                     [id=79548, stack(0x000000d145b00000,0x000000d145c00000) (1024K)]
  0x000002c345376740 WorkerThread "GC Thread#4"                     [id=51060, stack(0x000000d145c00000,0x000000d145d00000) (1024K)]
  0x000002c345376af0 WorkerThread "GC Thread#5"                     [id=65784, stack(0x000000d145d00000,0x000000d145e00000) (1024K)]
  0x000002c347035e30 WorkerThread "GC Thread#6"                     [id=37908, stack(0x000000d145600000,0x000000d145700000) (1024K)]
  0x000002c347035320 WorkerThread "GC Thread#7"                     [id=71000, stack(0x000000d146c00000,0x000000d146d00000) (1024K)]
  0x000002c3470361e0 WorkerThread "GC Thread#8"                     [id=41252, stack(0x000000d146d00000,0x000000d146e00000) (1024K)]
  0x000002c347036590 WorkerThread "GC Thread#9"                     [id=27876, stack(0x000000d146e00000,0x000000d146f00000) (1024K)]
  0x000002c3470356d0 WorkerThread "GC Thread#10"                    [id=45548, stack(0x000000d146f00000,0x000000d147000000) (1024K)]
  0x000002c347035a80 WorkerThread "GC Thread#11"                    [id=76312, stack(0x000000d147000000,0x000000d147100000) (1024K)]
  0x000002c347036940 WorkerThread "GC Thread#12"                    [id=35104, stack(0x000000d147100000,0x000000d147200000) (1024K)]
  0x000002c3466f8f30 WorkerThread "GC Thread#13"                    [id=29304, stack(0x000000d147200000,0x000000d147300000) (1024K)]
  0x000002c3466fa900 WorkerThread "GC Thread#14"                    [id=18592, stack(0x000000d147300000,0x000000d147400000) (1024K)]
  0x000002c34aa5e6e0 ConcurrentGCThread "G1 Main Marker"            [id=40676, stack(0x000000d144800000,0x000000d144900000) (1024K)]
  0x000002c3789801e0 WorkerThread "G1 Conc#0"                       [id=57240, stack(0x000000d144900000,0x000000d144a00000) (1024K)]
  0x000002c3466fa550 WorkerThread "G1 Conc#1"                       [id=78820, stack(0x000000d147400000,0x000000d147500000) (1024K)]
  0x000002c3466fb060 WorkerThread "G1 Conc#2"                       [id=24680, stack(0x000000d147500000,0x000000d147600000) (1024K)]
  0x000002c3466f8420 WorkerThread "G1 Conc#3"                       [id=58880, stack(0x000000d147600000,0x000000d147700000) (1024K)]
  0x000002c378a1e010 ConcurrentGCThread "G1 Refine#0"               [id=15920, stack(0x000000d144a00000,0x000000d144b00000) (1024K)]
  0x000002c378a1eaa0 ConcurrentGCThread "G1 Service"                [id=53016, stack(0x000000d144b00000,0x000000d144c00000) (1024K)]
Total: 24

Threads with active compile tasks:
C2 CompilerThread0  358991 11815       4       org.gradle.internal.instantiation.generator.AbstractClassGenerator$PropertyMetadata::isReadableWithoutSetterOfPropertyType (36 bytes)
Total: 1

VM state: not at safepoint (normal execution)

VM Mutex/Monitor currently owned by a thread: None

Heap address: 0x0000000600000000, size: 8192 MB, Compressed Oops mode: Zero based, Oop shift amount: 3

CDS archive(s) mapped at: [0x000002c300000000-0x000002c300ba0000-0x000002c300ba0000), size 12189696, SharedBaseAddress: 0x000002c300000000, ArchiveRelocationMode: 1.
Compressed class space mapped at: 0x000002c301000000-0x000002c341000000, reserved size: 1073741824
Narrow klass base: 0x000002c300000000, Narrow klass shift: 0, Narrow klass range: 0x100000000

GC Precious Log:
 CardTable entry size: 512
 Card Set container configuration: InlinePtr #cards 4 size 8 Array Of Cards #cards 32 size 80 Howl #buckets 8 coarsen threshold 7372 Howl Bitmap #cards 1024 size 144 coarsen threshold 921 Card regions per heap region 1 cards per card region 8192
 CPUs: 20 total, 20 available
 Memory: 16068M
 Large Page Support: Disabled
 NUMA Support: Disabled
 Compressed Oops: Enabled (Zero based)
 Heap Region Size: 4M
 Heap Min Capacity: 8M
 Heap Initial Capacity: 252M
 Heap Max Capacity: 8G
 Pre-touch: Disabled
 Parallel Workers: 15
 Concurrent Workers: 4
 Concurrent Refinement Workers: 15
 Periodic GC: Disabled

Heap:
 garbage-first heap   total 163840K, used 117227K [0x0000000600000000, 0x0000000800000000)
  region size 4096K, 9 young (36864K), 2 survivors (8192K)
 Metaspace       used 82243K, committed 84352K, reserved 1179648K
  class space    used 11761K, committed 12800K, reserved 1048576K

Heap Regions: E=young(eden), S=young(survivor), O=old, HS=humongous(starts), HC=humongous(continues), CS=collection set, F=free, TAMS=top-at-mark-start, PB=parsable bottom
|   0|0x0000000600000000, 0x0000000600400000, 0x0000000600400000|100%|HS|  |TAMS 0x0000000600000000| PB 0x0000000600000000| Complete 
|   1|0x0000000600400000, 0x0000000600800000, 0x0000000600800000|100%| O|  |TAMS 0x0000000600400000| PB 0x0000000600400000| Untracked 
|   2|0x0000000600800000, 0x0000000600bffff8, 0x0000000600c00000| 99%| O|  |TAMS 0x0000000600800000| PB 0x0000000600800000| Untracked 
|   3|0x0000000600c00000, 0x0000000601000000, 0x0000000601000000|100%| O|  |TAMS 0x0000000600c00000| PB 0x0000000600c00000| Untracked 
|   4|0x0000000601000000, 0x0000000601400000, 0x0000000601400000|100%| O|  |TAMS 0x0000000601000000| PB 0x0000000601000000| Untracked 
|   5|0x0000000601400000, 0x0000000601800000, 0x0000000601800000|100%| O|  |TAMS 0x0000000601400000| PB 0x0000000601400000| Untracked 
|   6|0x0000000601800000, 0x0000000601c00000, 0x0000000601c00000|100%| O|  |TAMS 0x0000000601800000| PB 0x0000000601800000| Untracked 
|   7|0x0000000601c00000, 0x0000000602000000, 0x0000000602000000|100%| O|  |TAMS 0x0000000601c00000| PB 0x0000000601c00000| Untracked 
|   8|0x0000000602000000, 0x0000000602400000, 0x0000000602400000|100%| O|  |TAMS 0x0000000602000000| PB 0x0000000602000000| Untracked 
|   9|0x0000000602400000, 0x0000000602800000, 0x0000000602800000|100%| O|  |TAMS 0x0000000602400000| PB 0x0000000602400000| Untracked 
|  10|0x0000000602800000, 0x0000000602c00000, 0x0000000602c00000|100%| O|  |TAMS 0x0000000602800000| PB 0x0000000602800000| Untracked 
|  11|0x0000000602c00000, 0x0000000603000000, 0x0000000603000000|100%| O|  |TAMS 0x0000000602c00000| PB 0x0000000602c00000| Untracked 
|  12|0x0000000603000000, 0x0000000603400000, 0x0000000603400000|100%| O|  |TAMS 0x0000000603000000| PB 0x0000000603000000| Untracked 
|  13|0x0000000603400000, 0x0000000603800000, 0x0000000603800000|100%| O|  |TAMS 0x0000000603400000| PB 0x0000000603400000| Untracked 
|  14|0x0000000603800000, 0x0000000603c00000, 0x0000000603c00000|100%| O|  |TAMS 0x0000000603800000| PB 0x0000000603800000| Untracked 
|  15|0x0000000603c00000, 0x0000000604000000, 0x0000000604000000|100%| O|  |TAMS 0x0000000603c00000| PB 0x0000000603c00000| Untracked 
|  16|0x0000000604000000, 0x000000060427afd8, 0x0000000604400000| 62%| O|  |TAMS 0x0000000604000000| PB 0x0000000604000000| Untracked 
|  17|0x0000000604400000, 0x0000000604400000, 0x0000000604800000|  0%| F|  |TAMS 0x0000000604400000| PB 0x0000000604400000| Untracked 
|  18|0x0000000604800000, 0x0000000604c00000, 0x0000000604c00000|100%| S|CS|TAMS 0x0000000604800000| PB 0x0000000604800000| Complete 
|  19|0x0000000604c00000, 0x0000000605000000, 0x0000000605000000|100%| S|CS|TAMS 0x0000000604c00000| PB 0x0000000604c00000| Complete 
|  20|0x0000000605000000, 0x0000000605000000, 0x0000000605400000|  0%| F|  |TAMS 0x0000000605000000| PB 0x0000000605000000| Untracked 
|  21|0x0000000605400000, 0x0000000605400000, 0x0000000605800000|  0%| F|  |TAMS 0x0000000605400000| PB 0x0000000605400000| Untracked 
|  22|0x0000000605800000, 0x0000000605800000, 0x0000000605c00000|  0%| F|  |TAMS 0x0000000605800000| PB 0x0000000605800000| Untracked 
|  23|0x0000000605c00000, 0x0000000605c00000, 0x0000000606000000|  0%| F|  |TAMS 0x0000000605c00000| PB 0x0000000605c00000| Untracked 
|  24|0x0000000606000000, 0x0000000606000000, 0x0000000606400000|  0%| F|  |TAMS 0x0000000606000000| PB 0x0000000606000000| Untracked 
|  25|0x0000000606400000, 0x0000000606400000, 0x0000000606800000|  0%| F|  |TAMS 0x0000000606400000| PB 0x0000000606400000| Untracked 
|  26|0x0000000606800000, 0x0000000606800000, 0x0000000606c00000|  0%| F|  |TAMS 0x0000000606800000| PB 0x0000000606800000| Untracked 
|  27|0x0000000606c00000, 0x0000000606c00000, 0x0000000607000000|  0%| F|  |TAMS 0x0000000606c00000| PB 0x0000000606c00000| Untracked 
|  28|0x0000000607000000, 0x00000006072cf9b0, 0x0000000607400000| 70%| E|  |TAMS 0x0000000607000000| PB 0x0000000607000000| Complete 
|  29|0x0000000607400000, 0x0000000607800000, 0x0000000607800000|100%| E|CS|TAMS 0x0000000607400000| PB 0x0000000607400000| Complete 
|  30|0x0000000607800000, 0x0000000607c00000, 0x0000000607c00000|100%| E|CS|TAMS 0x0000000607800000| PB 0x0000000607800000| Complete 
|  51|0x000000060cc00000, 0x000000060d000000, 0x000000060d000000|100%| E|CS|TAMS 0x000000060cc00000| PB 0x000000060cc00000| Complete 
|  52|0x000000060d000000, 0x000000060d400000, 0x000000060d400000|100%| E|CS|TAMS 0x000000060d000000| PB 0x000000060d000000| Complete 
|  53|0x000000060d400000, 0x000000060d800000, 0x000000060d800000|100%| E|CS|TAMS 0x000000060d400000| PB 0x000000060d400000| Complete 
|  62|0x000000060f800000, 0x000000060fc00000, 0x000000060fc00000|100%| E|  |TAMS 0x000000060f800000| PB 0x000000060f800000| Complete 
|2043|0x00000007fec00000, 0x00000007ff000000, 0x00000007ff000000|100%| O|  |TAMS 0x00000007fec00000| PB 0x00000007fec00000| Untracked 
|2044|0x00000007ff000000, 0x00000007ff400000, 0x00000007ff400000|100%| O|Cm|TAMS 0x00000007ff000000| PB 0x00000007ff000000| Complete 
|2045|0x00000007ff400000, 0x00000007ff800000, 0x00000007ff800000|100%| O|  |TAMS 0x00000007ff400000| PB 0x00000007ff400000| Untracked 
|2046|0x00000007ff800000, 0x00000007ffc00000, 0x00000007ffc00000|100%| O|  |TAMS 0x00000007ff800000| PB 0x00000007ff800000| Untracked 
|2047|0x00000007ffc00000, 0x0000000800000000, 0x0000000800000000|100%| O|  |TAMS 0x00000007ffc00000| PB 0x00000007ffc00000| Untracked 

Card table byte_map: [0x000002c36f870000,0x000002c370870000] _byte_map_base: 0x000002c36c870000

Marking Bits: (CMBitMap*) 0x000002c34aa4d5f0
 Bits: [0x000002c370870000, 0x000002c378870000)

Polling page: 0x000002c3487e0000

Metaspace:

Usage:
  Non-class:     68.84 MB used.
      Class:     11.49 MB used.
       Both:     80.33 MB used.

Virtual space:
  Non-class space:      128.00 MB reserved,      69.88 MB ( 55%) committed,  2 nodes.
      Class space:        1.00 GB reserved,      12.50 MB (  1%) committed,  1 nodes.
             Both:        1.12 GB reserved,      82.38 MB (  7%) committed. 

Chunk freelists:
   Non-Class:  9.38 MB
       Class:  3.50 MB
        Both:  12.88 MB

MaxMetaspaceSize: 4.00 GB
CompressedClassSpaceSize: 1.00 GB
Initial GC threshold: 21.00 MB
Current GC threshold: 134.94 MB
CDS: on
 - commit_granule_bytes: 65536.
 - commit_granule_words: 8192.
 - virtual_space_node_default_size: 8388608.
 - enlarge_chunks_in_place: 1.
 - use_allocation_guard: 0.


Internal statistics:

num_allocs_failed_limit: 9.
num_arena_births: 3946.
num_arena_deaths: 2.
num_vsnodes_births: 3.
num_vsnodes_deaths: 0.
num_space_committed: 1318.
num_space_uncommitted: 0.
num_chunks_returned_to_freelist: 12.
num_chunks_taken_from_freelist: 7913.
num_chunk_merges: 9.
num_chunk_splits: 5124.
num_chunks_enlarged: 3157.
num_inconsistent_stats: 0.

CodeHeap 'non-profiled nmethods': size=258432Kb used=5785Kb max_used=5785Kb free=252646Kb
 bounds [0x000002c35df40000, 0x000002c35e4f0000, 0x000002c36dba0000]
CodeHeap 'profiled nmethods': size=258368Kb used=18881Kb max_used=18881Kb free=239486Kb
 bounds [0x000002c34dba0000, 0x000002c34ee20000, 0x000002c35d7f0000]
CodeHeap 'non-nmethods': size=7488Kb used=1973Kb max_used=2540Kb free=5514Kb
 bounds [0x000002c35d7f0000, 0x000002c35da80000, 0x000002c35df40000]
CodeCache: size=524288Kb, used=26639Kb, max_used=27206Kb, free=497646Kb
 total_blobs=10949, nmethods=10117, adapters=734, full_count=0
Compilation: enabled, stopped_count=0, restarted_count=0

Compilation events (20 events):
Event: 358.913 Thread 0x000002c345032d80 nmethod 11808 0x000002c35e140e10 code [0x000002c35e140fa0, 0x000002c35e141068]
Event: 358.913 Thread 0x000002c345032d80 11811       3       org.objectweb.asm.Frame::pop (44 bytes)
Event: 358.913 Thread 0x000002c345032d80 nmethod 11811 0x000002c34e390a90 code [0x000002c34e390c40, 0x000002c34e390dd8]
Event: 358.917 Thread 0x000002c345032d80 11812       3       kotlin.collections.EmptyList::size (5 bytes)
Event: 358.917 Thread 0x000002c345032d80 nmethod 11812 0x000002c34e390590 code [0x000002c34e390740, 0x000002c34e3908a8]
Event: 358.917 Thread 0x000002c345032d80 11813       1       kotlin.collections.EmptySet::getSize (2 bytes)
Event: 358.917 Thread 0x000002c345032d80 nmethod 11813 0x000002c35e140b10 code [0x000002c35e140ca0, 0x000002c35e140d68]
Event: 358.917 Thread 0x000002c345032d80 11814       3       org.objectweb.asm.Frame::pop (42 bytes)
Event: 358.918 Thread 0x000002c345032d80 nmethod 11814 0x000002c34dca6390 code [0x000002c34dca6540, 0x000002c34dca66f8]
Event: 358.919 Thread 0x000002c34502de30 11815       4       org.gradle.internal.instantiation.generator.AbstractClassGenerator$PropertyMetadata::isReadableWithoutSetterOfPropertyType (36 bytes)
Event: 358.922 Thread 0x000002c345032d80 11816       1       com.android.build.gradle.internal.dsl.decorator.DslDecorator$ManagedProperty::getBackingFieldName (5 bytes)
Event: 358.923 Thread 0x000002c345032d80 nmethod 11816 0x000002c35e140810 code [0x000002c35e1409a0, 0x000002c35e140a70]
Event: 358.923 Thread 0x000002c345032d80 11817       3       org.objectweb.asm.Type::getReturnTypeOffset (64 bytes)
Event: 358.924 Thread 0x000002c345032d80 nmethod 11817 0x000002c34ec84790 code [0x000002c34ec84a80, 0x000002c34ec85c28]
Event: 358.924 Thread 0x000002c345032d80 11818       3       org.objectweb.asm.Handler::getExceptionTableLength (21 bytes)
Event: 358.926 Thread 0x000002c345032d80 nmethod 11818 0x000002c34dca5e90 code [0x000002c34dca6040, 0x000002c34dca61d8]
Event: 358.926 Thread 0x000002c345032d80 11819       3       org.gradle.model.internal.asm.AsmClassGeneratorUtils::visitFormalTypeParameters (108 bytes)
Event: 358.927 Thread 0x000002c345032d80 nmethod 11819 0x000002c34ec83a10 code [0x000002c34ec83c60, 0x000002c34ec84388]
Event: 358.927 Thread 0x000002c345032d80 11820       3       org.gradle.model.internal.asm.AsmClassGeneratorUtils::visitExceptions (40 bytes)
Event: 358.927 Thread 0x000002c345032d80 nmethod 11820 0x000002c34ec83310 code [0x000002c34ec834e0, 0x000002c34ec83790]

GC Heap History (20 events):
Event: 300.955 GC heap before
{Heap before GC invocations=20 (full 0):
 garbage-first heap   total 102400K, used 92220K [0x0000000600000000, 0x0000000800000000)
  region size 4096K, 12 young (49152K), 2 survivors (8192K)
 Metaspace       used 68277K, committed 70272K, reserved 1114112K
  class space    used 10071K, committed 11072K, reserved 1048576K
}
Event: 301.032 GC heap after
{Heap after GC invocations=21 (full 0):
 garbage-first heap   total 106496K, used 53828K [0x0000000600000000, 0x0000000800000000)
  region size 4096K, 2 young (8192K), 2 survivors (8192K)
 Metaspace       used 68277K, committed 70272K, reserved 1114112K
  class space    used 10071K, committed 11072K, reserved 1048576K
}
Event: 306.461 GC heap before
{Heap before GC invocations=22 (full 0):
 garbage-first heap   total 106496K, used 94788K [0x0000000600000000, 0x0000000800000000)
  region size 4096K, 12 young (49152K), 2 survivors (8192K)
 Metaspace       used 70242K, committed 72320K, reserved 1114112K
  class space    used 10421K, committed 11456K, reserved 1048576K
}
Event: 306.470 GC heap after
{Heap after GC invocations=23 (full 0):
 garbage-first heap   total 110592K, used 56836K [0x0000000600000000, 0x0000000800000000)
  region size 4096K, 2 young (8192K), 2 survivors (8192K)
 Metaspace       used 70242K, committed 72320K, reserved 1114112K
  class space    used 10421K, committed 11456K, reserved 1048576K
}
Event: 312.259 GC heap before
{Heap before GC invocations=23 (full 0):
 garbage-first heap   total 110592K, used 93700K [0x0000000600000000, 0x0000000800000000)
  region size 4096K, 12 young (49152K), 2 survivors (8192K)
 Metaspace       used 70743K, committed 72768K, reserved 1114112K
  class space    used 10432K, committed 11456K, reserved 1048576K
}
Event: 312.277 GC heap after
{Heap after GC invocations=24 (full 0):
 garbage-first heap   total 118784K, used 62344K [0x0000000600000000, 0x0000000800000000)
  region size 4096K, 2 young (8192K), 2 survivors (8192K)
 Metaspace       used 70743K, committed 72768K, reserved 1114112K
  class space    used 10432K, committed 11456K, reserved 1048576K
}
Event: 312.759 GC heap before
{Heap before GC invocations=24 (full 0):
 garbage-first heap   total 118784K, used 99208K [0x0000000600000000, 0x0000000800000000)
  region size 4096K, 12 young (49152K), 2 survivors (8192K)
 Metaspace       used 70849K, committed 72960K, reserved 1114112K
  class space    used 10434K, committed 11456K, reserved 1048576K
}
Event: 312.767 GC heap after
{Heap after GC invocations=25 (full 0):
 garbage-first heap   total 118784K, used 65495K [0x0000000600000000, 0x0000000800000000)
  region size 4096K, 2 young (8192K), 2 survivors (8192K)
 Metaspace       used 70849K, committed 72960K, reserved 1114112K
  class space    used 10434K, committed 11456K, reserved 1048576K
}
Event: 313.111 GC heap before
{Heap before GC invocations=26 (full 0):
 garbage-first heap   total 118784K, used 98263K [0x0000000600000000, 0x0000000800000000)
  region size 4096K, 11 young (45056K), 2 survivors (8192K)
 Metaspace       used 70854K, committed 72960K, reserved 1114112K
  class space    used 10434K, committed 11456K, reserved 1048576K
}
Event: 313.116 GC heap after
{Heap after GC invocations=27 (full 0):
 garbage-first heap   total 118784K, used 66752K [0x0000000600000000, 0x0000000800000000)
  region size 4096K, 2 young (8192K), 2 survivors (8192K)
 Metaspace       used 70854K, committed 72960K, reserved 1114112K
  class space    used 10434K, committed 11456K, reserved 1048576K
}
Event: 313.491 GC heap before
{Heap before GC invocations=27 (full 0):
 garbage-first heap   total 118784K, used 99520K [0x0000000600000000, 0x0000000800000000)
  region size 4096K, 11 young (45056K), 2 survivors (8192K)
 Metaspace       used 70860K, committed 72960K, reserved 1114112K
  class space    used 10435K, committed 11456K, reserved 1048576K
}
Event: 313.498 GC heap after
{Heap after GC invocations=28 (full 0):
 garbage-first heap   total 122880K, used 67568K [0x0000000600000000, 0x0000000800000000)
  region size 4096K, 2 young (8192K), 2 survivors (8192K)
 Metaspace       used 70860K, committed 72960K, reserved 1114112K
  class space    used 10435K, committed 11456K, reserved 1048576K
}
Event: 314.858 GC heap before
{Heap before GC invocations=28 (full 0):
 garbage-first heap   total 122880K, used 100336K [0x0000000600000000, 0x0000000800000000)
  region size 4096K, 11 young (45056K), 2 survivors (8192K)
 Metaspace       used 72058K, committed 74176K, reserved 1114112K
  class space    used 10578K, committed 11648K, reserved 1048576K
}
Event: 314.864 GC heap after
{Heap after GC invocations=29 (full 0):
 garbage-first heap   total 122880K, used 74417K [0x0000000600000000, 0x0000000800000000)
  region size 4096K, 2 young (8192K), 2 survivors (8192K)
 Metaspace       used 72058K, committed 74176K, reserved 1114112K
  class space    used 10578K, committed 11648K, reserved 1048576K
}
Event: 354.364 GC heap before
{Heap before GC invocations=30 (full 0):
 garbage-first heap   total 131072K, used 103089K [0x0000000600000000, 0x0000000800000000)
  region size 4096K, 9 young (36864K), 2 survivors (8192K)
 Metaspace       used 72195K, committed 74304K, reserved 1114112K
  class space    used 10594K, committed 11648K, reserved 1048576K
}
Event: 354.523 GC heap after
{Heap after GC invocations=31 (full 0):
 garbage-first heap   total 159744K, used 78640K [0x0000000600000000, 0x0000000800000000)
  region size 4096K, 1 young (4096K), 1 survivors (4096K)
 Metaspace       used 72195K, committed 74304K, reserved 1114112K
  class space    used 10594K, committed 11648K, reserved 1048576K
}
Event: 356.861 GC heap before
{Heap before GC invocations=31 (full 0):
 garbage-first heap   total 159744K, used 123696K [0x0000000600000000, 0x0000000800000000)
  region size 4096K, 13 young (53248K), 1 survivors (4096K)
 Metaspace       used 76154K, committed 78336K, reserved 1179648K
  class space    used 11050K, committed 12096K, reserved 1048576K
}
Event: 356.876 GC heap after
{Heap after GC invocations=32 (full 0):
 garbage-first heap   total 159744K, used 81573K [0x0000000600000000, 0x0000000800000000)
  region size 4096K, 2 young (8192K), 2 survivors (8192K)
 Metaspace       used 76154K, committed 78336K, reserved 1179648K
  class space    used 11050K, committed 12096K, reserved 1048576K
}
Event: 358.171 GC heap before
{Heap before GC invocations=32 (full 0):
 garbage-first heap   total 159744K, used 126629K [0x0000000600000000, 0x0000000800000000)
  region size 4096K, 14 young (57344K), 2 survivors (8192K)
 Metaspace       used 80625K, committed 82816K, reserved 1179648K
  class space    used 11526K, committed 12608K, reserved 1048576K
}
Event: 358.232 GC heap after
{Heap after GC invocations=33 (full 0):
 garbage-first heap   total 159744K, used 96747K [0x0000000600000000, 0x0000000800000000)
  region size 4096K, 2 young (8192K), 2 survivors (8192K)
 Metaspace       used 80625K, committed 82816K, reserved 1179648K
  class space    used 11526K, committed 12608K, reserved 1048576K
}

Dll operation events (20 events):
Event: 0.078 Attempting to load shared library C:\Users\AJI\.vscode\extensions\redhat.java-1.56.0-win32-x64\jre\21.0.12.1-win32-x86_64\bin\nio.dll
Event: 0.079 Loaded shared library C:\Users\AJI\.vscode\extensions\redhat.java-1.56.0-win32-x64\jre\21.0.12.1-win32-x86_64\bin\nio.dll
Event: 0.081 Attempting to load shared library C:\Users\AJI\.vscode\extensions\redhat.java-1.56.0-win32-x64\jre\21.0.12.1-win32-x86_64\bin\zip.dll
Event: 0.081 Loaded shared library C:\Users\AJI\.vscode\extensions\redhat.java-1.56.0-win32-x64\jre\21.0.12.1-win32-x86_64\bin\zip.dll
Event: 0.262 Attempting to load shared library C:\Users\AJI\.vscode\extensions\redhat.java-1.56.0-win32-x64\jre\21.0.12.1-win32-x86_64\bin\jimage.dll
Event: 0.262 Loaded shared library C:\Users\AJI\.vscode\extensions\redhat.java-1.56.0-win32-x64\jre\21.0.12.1-win32-x86_64\bin\jimage.dll
Event: 0.375 Attempting to load shared library C:\Users\AJI\.vscode\extensions\redhat.java-1.56.0-win32-x64\jre\21.0.12.1-win32-x86_64\bin\verify.dll
Event: 0.375 Loaded shared library C:\Users\AJI\.vscode\extensions\redhat.java-1.56.0-win32-x64\jre\21.0.12.1-win32-x86_64\bin\verify.dll
Event: 0.397 Attempting to load shared library C:\Users\AJI\.gradle\native\1def1411415f61bf3af743bc5b6707747c0891f09f0c88961ee8f79bc544acac\windows-amd64\native-platform.dll
Event: 0.397 Loaded shared library C:\Users\AJI\.gradle\native\1def1411415f61bf3af743bc5b6707747c0891f09f0c88961ee8f79bc544acac\windows-amd64\native-platform.dll
Event: 0.403 Attempting to load shared library C:\Users\AJI\.gradle\native\0.2.8\x86_64-windows-gnu\gradle-fileevents.dll
Event: 0.404 Loaded shared library C:\Users\AJI\.gradle\native\0.2.8\x86_64-windows-gnu\gradle-fileevents.dll
Event: 1.097 Attempting to load shared library C:\Users\AJI\.vscode\extensions\redhat.java-1.56.0-win32-x64\jre\21.0.12.1-win32-x86_64\bin\management.dll
Event: 1.098 Loaded shared library C:\Users\AJI\.vscode\extensions\redhat.java-1.56.0-win32-x64\jre\21.0.12.1-win32-x86_64\bin\management.dll
Event: 1.100 Attempting to load shared library C:\Users\AJI\.vscode\extensions\redhat.java-1.56.0-win32-x64\jre\21.0.12.1-win32-x86_64\bin\management_ext.dll
Event: 1.100 Loaded shared library C:\Users\AJI\.vscode\extensions\redhat.java-1.56.0-win32-x64\jre\21.0.12.1-win32-x86_64\bin\management_ext.dll
Event: 1.225 Attempting to load shared library C:\Users\AJI\.vscode\extensions\redhat.java-1.56.0-win32-x64\jre\21.0.12.1-win32-x86_64\bin\extnet.dll
Event: 1.226 Loaded shared library C:\Users\AJI\.vscode\extensions\redhat.java-1.56.0-win32-x64\jre\21.0.12.1-win32-x86_64\bin\extnet.dll
Event: 1.417 Attempting to load shared library C:\Users\AJI\.vscode\extensions\redhat.java-1.56.0-win32-x64\jre\21.0.12.1-win32-x86_64\bin\sunmscapi.dll
Event: 1.420 Loaded shared library C:\Users\AJI\.vscode\extensions\redhat.java-1.56.0-win32-x64\jre\21.0.12.1-win32-x86_64\bin\sunmscapi.dll

Deoptimization events (20 events):
Event: 358.271 Thread 0x000002c346f22af0 DEOPT PACKING pc=0x000002c35e2cad74 sp=0x000000d1464ef750
Event: 358.271 Thread 0x000002c346f22af0 DEOPT UNPACKING pc=0x000002c35d844422 sp=0x000000d1464ef6e8 mode 2
Event: 358.288 Thread 0x000002c346f22af0 Uncommon trap: trap_request=0xffffff45 fr.pc=0x000002c35e23ccd8 relative=0x00000000000000b8
Event: 358.288 Thread 0x000002c346f22af0 Uncommon trap: reason=unstable_if action=reinterpret pc=0x000002c35e23ccd8 method=java.security.CodeSource.matchCerts(Ljava/security/CodeSource;Z)Z @ 11 c2
Event: 358.288 Thread 0x000002c346f22af0 DEOPT PACKING pc=0x000002c35e23ccd8 sp=0x000000d1464edfa0
Event: 358.288 Thread 0x000002c346f22af0 DEOPT UNPACKING pc=0x000002c35d844422 sp=0x000000d1464edf38 mode 2
Event: 358.622 Thread 0x000002c346f22af0 Uncommon trap: trap_request=0xffffff45 fr.pc=0x000002c35e4a7578 relative=0x0000000000000f18
Event: 358.622 Thread 0x000002c346f22af0 Uncommon trap: reason=unstable_if action=reinterpret pc=0x000002c35e4a7578 method=org.objectweb.asm.Type.appendDescriptor(Ljava/lang/Class;Ljava/lang/StringBuilder;)V @ 48 c2
Event: 358.622 Thread 0x000002c346f22af0 DEOPT PACKING pc=0x000002c35e4a7578 sp=0x000000d1464f3600
Event: 358.622 Thread 0x000002c346f22af0 DEOPT UNPACKING pc=0x000002c35d844422 sp=0x000000d1464f35d8 mode 2
Event: 358.631 Thread 0x000002c346f22af0 Uncommon trap: trap_request=0xffffff45 fr.pc=0x000002c35e40931c relative=0x000000000000067c
Event: 358.631 Thread 0x000002c346f22af0 Uncommon trap: reason=unstable_if action=reinterpret pc=0x000002c35e40931c method=java.lang.CharacterDataLatin1.isUpperCase(I)Z @ 7 c2
Event: 358.631 Thread 0x000002c346f22af0 DEOPT PACKING pc=0x000002c35e40931c sp=0x000000d1464f2ef0
Event: 358.631 Thread 0x000002c346f22af0 DEOPT UNPACKING pc=0x000002c35d844422 sp=0x000000d1464f2d98 mode 2
Event: 358.632 Thread 0x000002c346f22af0 Uncommon trap: trap_request=0xffffff45 fr.pc=0x000002c35e406d34 relative=0x0000000000000094
Event: 358.632 Thread 0x000002c346f22af0 Uncommon trap: reason=unstable_if action=reinterpret pc=0x000002c35e406d34 method=java.lang.CharacterDataLatin1.isUpperCase(I)Z @ 7 c2
Event: 358.632 Thread 0x000002c346f22af0 DEOPT PACKING pc=0x000002c35e406d34 sp=0x000000d1464f2e70
Event: 358.632 Thread 0x000002c346f22af0 DEOPT UNPACKING pc=0x000002c35d844422 sp=0x000000d1464f2df0 mode 2
Event: 358.924 Thread 0x000002c346f22af0 DEOPT PACKING pc=0x000002c34e68ea60 sp=0x000000d1464f2670
Event: 358.924 Thread 0x000002c346f22af0 DEOPT UNPACKING pc=0x000002c35d844bc2 sp=0x000000d1464f1b90 mode 0

Classes loaded (20 events):
Event: 357.958 Loading class sun/security/util/Length
Event: 357.958 Loading class sun/security/util/Length done
Event: 357.958 Loading class javax/crypto/SecretKey
Event: 357.959 Loading class javax/crypto/SecretKey done
Event: 357.960 Loading class java/util/Base64
Event: 357.960 Loading class java/util/Base64 done
Event: 357.960 Loading class java/util/Base64$Decoder
Event: 357.961 Loading class java/util/Base64$Decoder done
Event: 357.961 Loading class java/util/Base64$Encoder
Event: 357.964 Loading class java/util/Base64$Encoder done
Event: 357.965 Loading class java/util/jar/JarVerifier$VerifierStream
Event: 357.966 Loading class java/util/jar/JarVerifier$VerifierStream done
Event: 357.969 Loading class sun/security/util/ManifestEntryVerifier$SunProviderHolder
Event: 357.969 Loading class sun/security/util/ManifestEntryVerifier$SunProviderHolder done
Event: 358.156 Loading class sun/security/util/MemoryCache$QueueCacheEntry
Event: 358.157 Loading class sun/security/util/MemoryCache$QueueCacheEntry done
Event: 358.605 Loading class java/lang/foreign/ValueLayout
Event: 358.605 Loading class java/lang/foreign/MemoryLayout
Event: 358.605 Loading class java/lang/foreign/MemoryLayout done
Event: 358.605 Loading class java/lang/foreign/ValueLayout done

Classes unloaded (1 events):
Event: 257.223 Thread 0x000002c378b60990 Unloading class 0x000002c301798400 'java/lang/invoke/LambdaForm$DMH+0x000002c301798400'

Classes redefined (0 events):
No events

Internal exceptions (20 events):
Event: 302.011 Thread 0x000002c37ce628c0 Exception <a 'java/lang/IncompatibleClassChangeError'{0x000000060d372128}: Found class java.lang.Object, but interface was expected> (0x000000060d372128) 
thrown [s\src\hotspot\share\interpreter\linkResolver.cpp, line 840]
Event: 302.576 Thread 0x000002c37ce628c0 Exception <a 'java/lang/NoSuchMethodError'{0x0000000604179218}: static Ljava/lang/Object;.<clinit>()V> (0x0000000604179218) 
thrown [s\src\hotspot\share\prims\jni.cpp, line 1111]
Event: 306.113 Thread 0x000002c37ce628c0 Exception <a 'java/lang/NoSuchMethodError'{0x0000000603076358}: 'int java.lang.invoke.DirectMethodHandle$Holder.invokeStaticInit(java.lang.Object, java.lang.Object, java.lang.Object, java.lang.Object, java.lang.Object)'> (0x0000000603076358) 
thrown [s\src\hotspot\share\interpreter\linkResolver.cpp, line 773]
Event: 306.334 Thread 0x000002c37ce628c0 Exception <a 'sun/nio/fs/WindowsException'{0x000000060321fba8}> (0x000000060321fba8) 
thrown [s\src\hotspot\share\prims\jni.cpp, line 520]
Event: 306.336 Thread 0x000002c37ce628c0 Exception <a 'sun/nio/fs/WindowsException'{0x00000006032221e0}> (0x00000006032221e0) 
thrown [s\src\hotspot\share\prims\jni.cpp, line 520]
Event: 306.337 Thread 0x000002c37ce628c0 Exception <a 'sun/nio/fs/WindowsException'{0x00000006032487b0}> (0x00000006032487b0) 
thrown [s\src\hotspot\share\prims\jni.cpp, line 520]
Event: 306.338 Thread 0x000002c37ce628c0 Exception <a 'sun/nio/fs/WindowsException'{0x000000060324a6e0}> (0x000000060324a6e0) 
thrown [s\src\hotspot\share\prims\jni.cpp, line 520]
Event: 306.346 Thread 0x000002c37ce628c0 Exception <a 'sun/nio/fs/WindowsException'{0x0000000603268ee8}> (0x0000000603268ee8) 
thrown [s\src\hotspot\share\prims\jni.cpp, line 520]
Event: 306.347 Thread 0x000002c37ce628c0 Exception <a 'sun/nio/fs/WindowsException'{0x000000060326b1d8}> (0x000000060326b1d8) 
thrown [s\src\hotspot\share\prims\jni.cpp, line 520]
Event: 306.347 Thread 0x000002c37ce628c0 Exception <a 'sun/nio/fs/WindowsException'{0x000000060326d040}> (0x000000060326d040) 
thrown [s\src\hotspot\share\prims\jni.cpp, line 520]
Event: 312.144 Thread 0x000002c37e95b4b0 Implicit null exception at 0x000002c35e1b735f to 0x000002c35e1b740c
Event: 312.651 Thread 0x000002c3479ab3c0 Implicit null exception at 0x000002c35e431f6a to 0x000002c35e43201c
Event: 313.210 Thread 0x000002c37e963e80 Implicit null exception at 0x000002c35e338f64 to 0x000002c35e3397c0
Event: 313.648 Thread 0x000002c346f22af0 Implicit null exception at 0x000002c35e0ffd90 to 0x000002c35e0ffee8
Event: 314.413 Thread 0x000002c346f22af0 Exception <a 'java/lang/NoSuchMethodError'{0x0000000604b54c68}: 'java.lang.Object java.lang.invoke.Invokers$Holder.invokeExact_MT(java.lang.Object, java.lang.Object, java.lang.Object, int, java.lang.Object, java.lang.Object)'> (0x0000000604b54c68) 
thrown [s\src\hotspot\share\interpreter\linkResolver.cpp, line 773]
Event: 354.732 Thread 0x000002c346f22af0 Exception <a 'java/lang/NoSuchMethodError'{0x000000060f9148f0}: 'void java.lang.invoke.Invokers$Holder.invoke_MT(java.lang.Object, java.lang.Object, java.lang.Object, java.lang.Object)'> (0x000000060f9148f0) 
thrown [s\src\hotspot\share\interpreter\linkResolver.cpp, line 773]
Event: 354.807 Thread 0x000002c346f22af0 Exception <a 'java/lang/NoSuchMethodError'{0x000000060f9a4cf0}: 'java.lang.Object java.lang.invoke.DirectMethodHandle$Holder.invokeStaticInit(java.lang.Object, java.lang.Object, java.lang.Object, java.lang.Object, java.lang.Object, java.lang.Object, java.lang.Object)'> (0x000000060f9a4cf0) 
thrown [s\src\hotspot\share\interpreter\linkResolver.cpp, line 773]
Event: 355.020 Thread 0x000002c346f22af0 Exception <a 'java/lang/ClassNotFoundException'{0x000000060d547e30}: org/gradle/api/internal/plugins/DefaultObjectConfigurationActionBeanInfo> (0x000000060d547e30) 
thrown [s\src\hotspot\share\classfile\systemDictionary.cpp, line 313]
Event: 355.023 Thread 0x000002c346f22af0 Exception <a 'java/lang/ClassNotFoundException'{0x000000060d5661f0}: org/gradle/api/internal/plugins/DefaultObjectConfigurationActionCustomizer> (0x000000060d5661f0) 
thrown [s\src\hotspot\share\classfile\systemDictionary.cpp, line 313]
Event: 358.242 Thread 0x000002c346f22af0 Implicit null exception at 0x000002c35e4d8774 to 0x000002c35e4d8fce

ZGC Phase Switch (0 events):
No events

VM Operations (20 events):
Event: 355.530 Executing safepoint VM operation: Cleanup
Event: 355.530 Executing safepoint VM operation: Cleanup done
Event: 356.540 Executing safepoint VM operation: Cleanup
Event: 356.540 Executing safepoint VM operation: Cleanup done
Event: 356.861 Executing safepoint VM operation: G1CollectForAllocation (G1 Evacuation Pause)
Event: 356.877 Executing safepoint VM operation: G1CollectForAllocation (G1 Evacuation Pause) done
Event: 357.309 Executing non-safepoint VM operation: HandshakeAllThreads (Deoptimize)
Event: 357.309 Executing non-safepoint VM operation: HandshakeAllThreads (Deoptimize) done
Event: 357.737 Executing non-safepoint VM operation: HandshakeAllThreads (Deoptimize)
Event: 357.738 Executing non-safepoint VM operation: HandshakeAllThreads (Deoptimize) done
Event: 357.849 Executing non-safepoint VM operation: HandshakeAllThreads (Deoptimize)
Event: 357.849 Executing non-safepoint VM operation: HandshakeAllThreads (Deoptimize) done
Event: 357.852 Executing non-safepoint VM operation: HandshakeAllThreads (Deoptimize)
Event: 357.852 Executing non-safepoint VM operation: HandshakeAllThreads (Deoptimize) done
Event: 358.171 Executing safepoint VM operation: G1CollectForAllocation (G1 Evacuation Pause)
Event: 358.232 Executing safepoint VM operation: G1CollectForAllocation (G1 Evacuation Pause) done
Event: 358.302 Executing safepoint VM operation: G1PauseRemark
Event: 358.316 Executing safepoint VM operation: G1PauseRemark done
Event: 358.332 Executing safepoint VM operation: G1PauseCleanup
Event: 358.333 Executing safepoint VM operation: G1PauseCleanup done

Memory protections (0 events):
No events

Nmethod flushes (20 events):
Event: 358.314 Thread 0x000002c378b60990 flushing  nmethod 0x000002c34e3b8190
Event: 358.314 Thread 0x000002c378b60990 flushing  nmethod 0x000002c34e642d90
Event: 358.314 Thread 0x000002c378b60990 flushing  nmethod 0x000002c34e7dbd10
Event: 358.314 Thread 0x000002c378b60990 flushing  nmethod 0x000002c34e85ce10
Event: 358.314 Thread 0x000002c378b60990 flushing  nmethod 0x000002c34e03a090
Event: 358.314 Thread 0x000002c378b60990 flushing  nmethod 0x000002c34e6a5190
Event: 358.314 Thread 0x000002c378b60990 flushing  nmethod 0x000002c35e317190
Event: 358.314 Thread 0x000002c378b60990 flushing  nmethod 0x000002c34dde8510
Event: 358.314 Thread 0x000002c378b60990 flushing  nmethod 0x000002c34dde9c90
Event: 358.314 Thread 0x000002c378b60990 flushing  nmethod 0x000002c34ddea190
Event: 358.314 Thread 0x000002c378b60990 flushing  nmethod 0x000002c34ddebb90
Event: 358.314 Thread 0x000002c378b60990 flushing  nmethod 0x000002c34e14db10
Event: 358.314 Thread 0x000002c378b60990 flushing  nmethod 0x000002c34e6b9a10
Event: 358.314 Thread 0x000002c378b60990 flushing  nmethod 0x000002c34e6bb790
Event: 358.314 Thread 0x000002c378b60990 flushing  nmethod 0x000002c34e7f2d90
Event: 358.314 Thread 0x000002c378b60990 flushing  nmethod 0x000002c34e9c5e10
Event: 358.314 Thread 0x000002c378b60990 flushing  nmethod 0x000002c34e9c6410
Event: 358.314 Thread 0x000002c378b60990 flushing  nmethod 0x000002c34e64ee90
Event: 358.314 Thread 0x000002c378b60990 flushing  nmethod 0x000002c34e6af390
Event: 358.314 Thread 0x000002c378b60990 flushing  nmethod 0x000002c34ec83310

Events (20 events):
Event: 312.479 Thread 0x000002c346f22af0 Thread added: 0x000002c37e961db0
Event: 312.479 Thread 0x000002c346f22af0 Thread added: 0x000002c37e964510
Event: 312.480 Thread 0x000002c346f22af0 Thread added: 0x000002c37e962440
Event: 312.481 Thread 0x000002c346f22af0 Thread added: 0x000002c37e9637f0
Event: 312.481 Thread 0x000002c346f22af0 Thread added: 0x000002c37e963e80
Event: 312.482 Thread 0x000002c346f22af0 Thread added: 0x000002c3479ac770
Event: 312.482 Thread 0x000002c346f22af0 Thread added: 0x000002c3479ac0e0
Event: 312.483 Thread 0x000002c346f22af0 Thread added: 0x000002c3479aad30
Event: 312.484 Thread 0x000002c346f22af0 Thread added: 0x000002c3479ace00
Event: 312.484 Thread 0x000002c346f22af0 Thread added: 0x000002c3479ab3c0
Event: 312.485 Thread 0x000002c346f22af0 Thread added: 0x000002c3479ad490
Event: 313.714 Thread 0x000002c345032d80 Thread added: 0x000002c37d725800
Event: 316.980 Thread 0x000002c37d725800 Thread exited: 0x000002c37d725800
Event: 328.829 Thread 0x000002c346f22460 Thread added: 0x000002c3479aba50
Event: 328.832 Thread 0x000002c346f22460 Thread added: 0x000002c3479aa010
Event: 328.834 Thread 0x000002c346f22460 Thread added: 0x000002c3479aa6a0
Event: 328.834 Thread 0x000002c346f22460 Thread added: 0x000002c3479b0910
Event: 328.835 Thread 0x000002c346f22460 Thread added: 0x000002c3479afbf0
Event: 328.835 Thread 0x000002c346f22460 Thread added: 0x000002c3479ae840
Event: 328.839 Thread 0x000002c346f22460 Thread added: 0x000002c3479b0fa0


Dynamic libraries:
0x00007ff735c60000 - 0x00007ff735c6e000 	C:\Users\AJI\.vscode\extensions\redhat.java-1.56.0-win32-x64\jre\21.0.12.1-win32-x86_64\bin\java.exe
0x00007ffaa9a20000 - 0x00007ffaa9c87000 	C:\WINDOWS\SYSTEM32\ntdll.dll
0x00007ffaa7cd0000 - 0x00007ffaa7d9b000 	C:\WINDOWS\System32\KERNEL32.DLL
0x00007ffaa71b0000 - 0x00007ffaa75b2000 	C:\WINDOWS\System32\KERNELBASE.dll
0x00007ffaa7050000 - 0x00007ffaa719c000 	C:\WINDOWS\System32\ucrtbase.dll
0x00007ffa76fd0000 - 0x00007ffa76fee000 	C:\Users\AJI\.vscode\extensions\redhat.java-1.56.0-win32-x64\jre\21.0.12.1-win32-x86_64\bin\VCRUNTIME140.dll
0x00007ffa5b940000 - 0x00007ffa5b958000 	C:\Users\AJI\.vscode\extensions\redhat.java-1.56.0-win32-x64\jre\21.0.12.1-win32-x86_64\bin\jli.dll
0x00007ffaa7da0000 - 0x00007ffaa7f6f000 	C:\WINDOWS\System32\USER32.dll
0x00007ffaa6e90000 - 0x00007ffaa6eb7000 	C:\WINDOWS\System32\win32u.dll
0x00007ffa85610000 - 0x00007ffa858a0000 	C:\WINDOWS\WinSxS\amd64_microsoft.windows.common-controls_6595b64144ccf1df_6.0.26100.9278_none_3e0d1ba8e3303201\COMCTL32.dll
0x00007ffaa7740000 - 0x00007ffaa776b000 	C:\WINDOWS\System32\GDI32.dll
0x00007ffaa8760000 - 0x00007ffaa8809000 	C:\WINDOWS\System32\msvcrt.dll
0x00007ffaa6cd0000 - 0x00007ffaa6df9000 	C:\WINDOWS\System32\gdi32full.dll
0x00007ffaa6c20000 - 0x00007ffaa6cc3000 	C:\WINDOWS\System32\msvcp_win.dll
0x00007ffaa9250000 - 0x00007ffaa9281000 	C:\WINDOWS\System32\IMM32.DLL
0x00007ffa8fa10000 - 0x00007ffa8fa1c000 	C:\Users\AJI\.vscode\extensions\redhat.java-1.56.0-win32-x64\jre\21.0.12.1-win32-x86_64\bin\vcruntime140_1.dll
0x00007ff9ae9a0000 - 0x00007ff9aea2d000 	C:\Users\AJI\.vscode\extensions\redhat.java-1.56.0-win32-x64\jre\21.0.12.1-win32-x86_64\bin\msvcp140.dll
0x00007ff96c320000 - 0x00007ff96d0c2000 	C:\Users\AJI\.vscode\extensions\redhat.java-1.56.0-win32-x64\jre\21.0.12.1-win32-x86_64\bin\server\jvm.dll
0x00007ffaa8fb0000 - 0x00007ffaa906c000 	C:\WINDOWS\System32\ADVAPI32.dll
0x00007ffaa7b90000 - 0x00007ffaa7c39000 	C:\WINDOWS\System32\sechost.dll
0x00007ffaa80d0000 - 0x00007ffaa81e8000 	C:\WINDOWS\System32\RPCRT4.dll
0x00007ffaa7c40000 - 0x00007ffaa7cc0000 	C:\WINDOWS\System32\WS2_32.dll
0x00007ffaa6a80000 - 0x00007ffaa6ade000 	C:\WINDOWS\SYSTEM32\POWRPROF.dll
0x00007ffaa0960000 - 0x00007ffaa0996000 	C:\WINDOWS\SYSTEM32\WINMM.dll
0x00007ffa9deb0000 - 0x00007ffa9debb000 	C:\WINDOWS\SYSTEM32\VERSION.dll
0x00007ffaa6a60000 - 0x00007ffaa6a75000 	C:\WINDOWS\SYSTEM32\UMPDC.dll
0x00007ffaa5400000 - 0x00007ffaa541b000 	C:\WINDOWS\SYSTEM32\kernel.appcore.dll
0x00007ffa8f9e0000 - 0x00007ffa8f9ea000 	C:\Users\AJI\.vscode\extensions\redhat.java-1.56.0-win32-x64\jre\21.0.12.1-win32-x86_64\bin\jimage.dll
0x00007ffaa3d10000 - 0x00007ffaa3f5c000 	C:\WINDOWS\SYSTEM32\DBGHELP.DLL
0x00007ffaa9320000 - 0x00007ffaa96a5000 	C:\WINDOWS\System32\combase.dll
0x00007ffaa81f0000 - 0x00007ffaa82c9000 	C:\WINDOWS\System32\OLEAUT32.dll
0x00007ffa84dc0000 - 0x00007ffa84dfb000 	C:\WINDOWS\SYSTEM32\dbgcore.DLL
0x00007ffaa75c0000 - 0x00007ffaa766c000 	C:\WINDOWS\System32\bcryptPrimitives.dll
0x00007ffa80050000 - 0x00007ffa8005f000 	C:\Users\AJI\.vscode\extensions\redhat.java-1.56.0-win32-x64\jre\21.0.12.1-win32-x86_64\bin\instrument.dll
0x00007ffa56a30000 - 0x00007ffa56a50000 	C:\Users\AJI\.vscode\extensions\redhat.java-1.56.0-win32-x64\jre\21.0.12.1-win32-x86_64\bin\java.dll
0x00007ffaa8810000 - 0x00007ffaa8fa8000 	C:\WINDOWS\System32\SHELL32.dll
0x00007ffaa4150000 - 0x00007ffaa49fe000 	C:\WINDOWS\SYSTEM32\windows.storage.dll
0x00007ffaa96b0000 - 0x00007ffaa97ab000 	C:\WINDOWS\System32\SHCORE.dll
0x00007ffaa7a10000 - 0x00007ffaa7a76000 	C:\WINDOWS\System32\shlwapi.dll
0x00007ffaa6b40000 - 0x00007ffaa6b69000 	C:\WINDOWS\SYSTEM32\profapi.dll
0x00007ffa554d0000 - 0x00007ffa554e8000 	C:\Users\AJI\.vscode\extensions\redhat.java-1.56.0-win32-x64\jre\21.0.12.1-win32-x86_64\bin\zip.dll
0x00007ffa813d0000 - 0x00007ffa813e0000 	C:\Users\AJI\.vscode\extensions\redhat.java-1.56.0-win32-x64\jre\21.0.12.1-win32-x86_64\bin\net.dll
0x00007ffa9f270000 - 0x00007ffa9f39a000 	C:\WINDOWS\SYSTEM32\WINHTTP.dll
0x00007ffaa59c0000 - 0x00007ffaa5a2c000 	C:\WINDOWS\system32\mswsock.dll
0x00007ffa554b0000 - 0x00007ffa554c6000 	C:\Users\AJI\.vscode\extensions\redhat.java-1.56.0-win32-x64\jre\21.0.12.1-win32-x86_64\bin\nio.dll
0x00007ffa7fae0000 - 0x00007ffa7faf0000 	C:\Users\AJI\.vscode\extensions\redhat.java-1.56.0-win32-x64\jre\21.0.12.1-win32-x86_64\bin\verify.dll
0x00007ffa399a0000 - 0x00007ffa399c7000 	C:\Users\AJI\.gradle\native\1def1411415f61bf3af743bc5b6707747c0891f09f0c88961ee8f79bc544acac\windows-amd64\native-platform.dll
0x00007ff9bbe60000 - 0x00007ff9bbed7000 	C:\Users\AJI\.gradle\native\0.2.8\x86_64-windows-gnu\gradle-fileevents.dll
0x00007ffa7eee0000 - 0x00007ffa7eeea000 	C:\Users\AJI\.vscode\extensions\redhat.java-1.56.0-win32-x64\jre\21.0.12.1-win32-x86_64\bin\management.dll
0x00007ffa77400000 - 0x00007ffa7740c000 	C:\Users\AJI\.vscode\extensions\redhat.java-1.56.0-win32-x64\jre\21.0.12.1-win32-x86_64\bin\management_ext.dll
0x00007ffaa7b80000 - 0x00007ffaa7b88000 	C:\WINDOWS\System32\PSAPI.DLL
0x00007ffaa4ee0000 - 0x00007ffaa4f13000 	C:\WINDOWS\SYSTEM32\IPHLPAPI.DLL
0x00007ffaa80c0000 - 0x00007ffaa80ca000 	C:\WINDOWS\System32\NSI.dll
0x00007ffa74220000 - 0x00007ffa74229000 	C:\Users\AJI\.vscode\extensions\redhat.java-1.56.0-win32-x64\jre\21.0.12.1-win32-x86_64\bin\extnet.dll
0x00007ffaa5cb0000 - 0x00007ffaa5ccb000 	C:\WINDOWS\SYSTEM32\CRYPTSP.dll
0x00007ffaa5360000 - 0x00007ffaa5399000 	C:\WINDOWS\system32\rsaenh.dll
0x00007ffaa5a70000 - 0x00007ffaa5aa4000 	C:\WINDOWS\SYSTEM32\USERENV.dll
0x00007ffaa6b10000 - 0x00007ffaa6b3a000 	C:\WINDOWS\SYSTEM32\bcrypt.dll
0x00007ffaa5cd0000 - 0x00007ffaa5cdc000 	C:\WINDOWS\SYSTEM32\CRYPTBASE.dll
0x00007ffa73220000 - 0x00007ffa7322e000 	C:\Users\AJI\.vscode\extensions\redhat.java-1.56.0-win32-x64\jre\21.0.12.1-win32-x86_64\bin\sunmscapi.dll
0x00007ffaa6ec0000 - 0x00007ffaa703e000 	C:\WINDOWS\System32\CRYPT32.dll
0x00007ffaa5ea0000 - 0x00007ffaa5ed0000 	C:\WINDOWS\SYSTEM32\ncrypt.dll
0x00007ffaa5e50000 - 0x00007ffaa5e8f000 	C:\WINDOWS\SYSTEM32\NTASN1.dll
0x00007ffa7c400000 - 0x00007ffa7c408000 	C:\WINDOWS\system32\wshunix.dll

JVMTI agents:
C:\Users\AJI\.gradle\wrapper\dists\gradle-9.1.0-all\7wzd0jkjit61aq2p43wpjgij9\gradle-9.1.0\lib\agents\gradle-instrumentation-agent-9.1.0.jar path:C:\Users\AJI\.vscode\extensions\redhat.java-1.56.0-win32-x64\jre\21.0.12.1-win32-x86_64\bin\instrument.dll, loaded, initialized, instrumentlib options:none

dbghelp: loaded successfully - version: 4.0.5 - missing functions: none
symbol engine: initialized successfully - sym options: 0x614 - pdb path: .;C:\Users\AJI\.vscode\extensions\redhat.java-1.56.0-win32-x64\jre\21.0.12.1-win32-x86_64\bin;C:\WINDOWS\SYSTEM32;C:\WINDOWS\WinSxS\amd64_microsoft.windows.common-controls_6595b64144ccf1df_6.0.26100.9278_none_3e0d1ba8e3303201;C:\Users\AJI\.vscode\extensions\redhat.java-1.56.0-win32-x64\jre\21.0.12.1-win32-x86_64\bin\server;C:\Users\AJI\.gradle\native\1def1411415f61bf3af743bc5b6707747c0891f09f0c88961ee8f79bc544acac\windows-amd64;C:\Users\AJI\.gradle\native\0.2.8\x86_64-windows-gnu

VM Arguments:
jvm_args: --add-opens=java.base/java.lang=ALL-UNNAMED --add-opens=java.base/java.lang.invoke=ALL-UNNAMED --add-opens=java.base/java.util=ALL-UNNAMED --add-opens=java.prefs/java.util.prefs=ALL-UNNAMED --add-exports=jdk.compiler/com.sun.tools.javac.api=ALL-UNNAMED --add-exports=jdk.compiler/com.sun.tools.javac.util=ALL-UNNAMED --add-opens=java.base/java.util=ALL-UNNAMED --add-opens=java.prefs/java.util.prefs=ALL-UNNAMED --add-opens=java.base/java.nio.charset=ALL-UNNAMED --add-opens=java.base/java.net=ALL-UNNAMED --add-opens=java.base/java.util.concurrent=ALL-UNNAMED --add-opens=java.base/java.util.concurrent.atomic=ALL-UNNAMED --add-opens=java.xml/javax.xml.namespace=ALL-UNNAMED --add-opens=java.base/java.time=ALL-UNNAMED -XX:MaxMetaspaceSize=4G -XX:ReservedCodeCacheSize=512m -XX:+HeapDumpOnOutOfMemoryError -Xmx8G -Dfile.encoding=UTF-8 -Duser.country=IN -Duser.language=en -Duser.variant -javaagent:C:\Users\AJI\.gradle\wrapper\dists\gradle-9.1.0-all\7wzd0jkjit61aq2p43wpjgij9\gradle-9.1.0\lib\agents\gradle-instrumentation-agent-9.1.0.jar 
java_command: org.gradle.launcher.daemon.bootstrap.GradleDaemon 9.1.0
java_class_path (initial): C:\Users\AJI\.gradle\wrapper\dists\gradle-9.1.0-all\7wzd0jkjit61aq2p43wpjgij9\gradle-9.1.0\lib\gradle-daemon-main-9.1.0.jar
Launcher Type: SUN_STANDARD

[Global flags]
     intx CICompilerCount                          = 12                                        {product} {ergonomic}
     uint ConcGCThreads                            = 4                                         {product} {ergonomic}
     uint G1ConcRefinementThreads                  = 15                                        {product} {ergonomic}
   size_t G1HeapRegionSize                         = 4194304                                   {product} {ergonomic}
    uintx GCDrainStackTargetSize                   = 64                                        {product} {ergonomic}
     bool HeapDumpOnOutOfMemoryError               = true                                   {manageable} {command line}
   size_t InitialHeapSize                          = 264241152                                 {product} {ergonomic}
   size_t MarkStackSize                            = 4194304                                   {product} {ergonomic}
   size_t MaxHeapSize                              = 8589934592                                {product} {command line}
   size_t MaxMetaspaceSize                         = 4294967296                                {product} {command line}
   size_t MaxNewSize                               = 5150605312                                {product} {ergonomic}
   size_t MinHeapDeltaBytes                        = 4194304                                   {product} {ergonomic}
   size_t MinHeapSize                              = 8388608                                   {product} {ergonomic}
    uintx NonNMethodCodeHeapSize                   = 7602480                                {pd product} {ergonomic}
    uintx NonProfiledCodeHeapSize                  = 264634216                              {pd product} {ergonomic}
    uintx ProfiledCodeHeapSize                     = 264634216                              {pd product} {ergonomic}
    uintx ReservedCodeCacheSize                    = 536870912                              {pd product} {command line}
     bool SegmentedCodeCache                       = true                                      {product} {ergonomic}
   size_t SoftMaxHeapSize                          = 8589934592                             {manageable} {ergonomic}
     bool UseCompressedOops                        = true                           {product lp64_product} {ergonomic}
     bool UseG1GC                                  = true                                      {product} {ergonomic}
     bool UseLargePagesIndividualAllocation        = false                                  {pd product} {ergonomic}

Logging:
Log output configuration:
 #0: stdout all=warning uptime,level,tags foldmultilines=false
 #1: stderr all=off uptime,level,tags foldmultilines=false

Release file:
JAVA_VERSION="21.0.12.1" 
MODULES="java.base java.compiler java.datatransfer java.xml java.prefs java.desktop java.instrument java.logging java.management java.security.sasl java.naming java.rmi java.management.rmi java.net.http java.scripting java.security.jgss java.transaction.xa java.sql java.sql.rowset java.xml.crypto java.se java.smartcardio jdk.accessibility jdk.internal.jvmstat jdk.attach jdk.charsets jdk.internal.opt jdk.zipfs jdk.compiler jdk.crypto.ec jdk.crypto.cryptoki jdk.crypto.mscapi jdk.dynalink jdk.internal.ed jdk.editpad jdk.hotspot.agent jdk.httpserver jdk.internal.le jdk.internal.vm.ci jdk.internal.vm.compiler jdk.internal.vm.compiler.management jdk.jartool jdk.javadoc jdk.jcmd jdk.management jdk.management.agent jdk.jconsole jdk.jdeps jdk.jdwp.agent jdk.jdi jdk.jfr jdk.jshell jdk.jsobject jdk.jstatd jdk.localedata jdk.management.jfr jdk.naming.dns jdk.naming.rmi jdk.net jdk.nio.mapmode jdk.random jdk.sctp jdk.security.auth jdk.security.jgss jdk.unsupported jdk.unsupported.desktop jdk.xml.dom" 

Environment Variables:
JAVA_HOME=C:\Program Files\Java\jdk-17
PATH=C:\Python314\Scripts\;C:\Python314\;C:\Program Files\Eclipse Adoptium\jdk-25.0.3.9-hotspot\bin;C:\Program Files\Microsoft\jdk-11.0.16.101-hotspot\bin;C:\WINDOWS\system32;C:\WINDOWS;C:\WINDOWS\System32\Wbem;C:\WINDOWS\System32\WindowsPowerShell\v1.0\;C:\WINDOWS\System32\OpenSSH\;C:\Program Files\dotnet\;C:\MinGW\bin;C:\ProgramData\chocolatey\bin;C:\Users\AJI\AppData\Local\Pub\Cache\bin;C:\Program Files\Java\jdk-17\bin;d:\cursor\resources\app\bin;C:\Users\AJI\develop\flutter\bin;C:\Users\AJI\.local\bin;D:\node\node_modules\npm\bin;D:\node\;C:\Program Files\nodejs\;C:\Program Files\nodejs\node_modules\npm\bin;C:\Users\AJI\Documents\MONGO\mongosh-2.9.2-win32-x64\bin;C:\xampp\php;C:\Program Files\Git\cmd;C:\Users\AJI\AppData\Local\Programs\Python\Python312\Scripts\;C:\Users\AJI\AppData\Local\Programs\Python\Python312\;C:\Users\AJI\.local\bin;C:\Users\AJI\AppData\Local\Microsoft\WindowsApps;D:\IntelliJ IDEA Community Edition 2023.1.5\bin;;C:\mingw64\bin;C:\Users\AJI\.dotnet\tools;C:\Users\AJI\Documents\flutter_windows_3.13.4-stable\flutter\bin;C:\Users\AJI\AppData\Local\Pub\Cache\bin;D:\flutter_pub_cache;C:\Users\AJI\AppData\Local\Android\Sdk;C:\Program Files\Java\jdk-17\bin;D:\rider\JetBrains Rider 2024.3.7\bin;;D:\Program Files\Microsoft VS Code\bin;D:\freelanceing\cursor\resources\app\bin;C:\Users\AJI\AppData\Local\Programs\Microsoft VS Code\bin;C:\Users\AJI\AppData\Local\Programs\cursor\resources\app\bin;C:\Users\AJI\AppData\Roaming\npm
USERNAME=AJI
OS=Windows_NT
PROCESSOR_IDENTIFIER=Intel64 Family 6 Model 154 Stepping 3, GenuineIntel
TMP=C:\Users\AJI\AppData\Local\Temp
TEMP=C:\Users\AJI\AppData\Local\Temp




Periodic native trim disabled

---------------  S Y S T E M  ---------------

OS:
 Windows 11 , 64 bit Build 26100 (10.0.26100.9444)
OS uptime: 0 days 4:09 hours
Hyper-V role detected

CPU: total 20 (initial active 20) (10 cores per cpu, 2 threads per core) family 6 model 154 stepping 3 microcode 0x43b, cx8, cmov, fxsr, ht, mmx, 3dnowpref, sse, sse2, sse3, ssse3, sse4.1, sse4.2, popcnt, lzcnt, tsc, tscinvbit, avx, avx2, aes, erms, clmul, bmi1, bmi2, adx, sha, fma, vzeroupper, clflush, clflushopt, clwb, hv, serialize, rdtscp, rdpid, fsrm, f16c, cet_ibt, cet_ss
Processor Information for processor 0
  Max Mhz: 2300, Current Mhz: 2300, Mhz Limit: 2300
Processor Information for processor 1
  Max Mhz: 2300, Current Mhz: 2300, Mhz Limit: 2300
Processor Information for processor 2
  Max Mhz: 2300, Current Mhz: 2300, Mhz Limit: 2300
Processor Information for processor 3
  Max Mhz: 2300, Current Mhz: 2300, Mhz Limit: 2300
Processor Information for processor 4
  Max Mhz: 2300, Current Mhz: 2300, Mhz Limit: 2300
Processor Information for processor 5
  Max Mhz: 2300, Current Mhz: 2300, Mhz Limit: 2300
Processor Information for processor 6
  Max Mhz: 2300, Current Mhz: 2300, Mhz Limit: 2300
Processor Information for processor 7
  Max Mhz: 2300, Current Mhz: 2300, Mhz Limit: 2300
Processor Information for processor 8
  Max Mhz: 2300, Current Mhz: 2300, Mhz Limit: 2300
Processor Information for processor 9
  Max Mhz: 2300, Current Mhz: 2300, Mhz Limit: 2300
Processor Information for processor 10
  Max Mhz: 2300, Current Mhz: 2300, Mhz Limit: 2300
Processor Information for processor 11
  Max Mhz: 2300, Current Mhz: 2300, Mhz Limit: 2300
Processor Information for processor 12
  Max Mhz: 2300, Current Mhz: 2300, Mhz Limit: 2300
Processor Information for processor 13
  Max Mhz: 2300, Current Mhz: 2300, Mhz Limit: 2300
Processor Information for processor 14
  Max Mhz: 2300, Current Mhz: 2300, Mhz Limit: 2300
Processor Information for processor 15
  Max Mhz: 2300, Current Mhz: 1488, Mhz Limit: 2300
Processor Information for processor 16
  Max Mhz: 2300, Current Mhz: 1488, Mhz Limit: 2300
Processor Information for processor 17
  Max Mhz: 2300, Current Mhz: 2300, Mhz Limit: 2300
Processor Information for processor 18
  Max Mhz: 2300, Current Mhz: 1488, Mhz Limit: 2300
Processor Information for processor 19
  Max Mhz: 2300, Current Mhz: 2300, Mhz Limit: 2300

Memory: 4k page, system-wide physical 16068M (237M free)
TotalPageFile size 65220M (AvailPageFile size 755M)
current process WorkingSet (physical memory assigned to process): 294M, peak: 306M
current process commit charge ("private bytes"): 464M, peak: 475M

vm_info: OpenJDK 64-Bit Server VM (21.0.12.1+1-LTS) for windows-amd64 JRE (21.0.12.1+1-LTS), built on 2026-08-18T00:00:00Z by "admin" with MS VC++ 17.12 (VS2022)

END.
