#
# There is insufficient memory for the Java Runtime Environment to continue.
# Native memory allocation (malloc) failed to allocate 1279056 bytes. Error detail: Chunk::new
# Possible reasons:
#   The system is out of physical RAM or swap space
#   This process is running with CompressedOops enabled, and the Java Heap may be blocking the growth of the native heap
# Possible solutions:
#   Reduce memory load on the system
#   Increase physical memory or swap space
#   Check if swap backing store is full
#   Decrease Java heap size (-Xmx/-Xms)
#   Decrease number of Java threads
#   Decrease Java thread stack sizes (-Xss)
#   Set larger code cache with -XX:ReservedCodeCacheSize=
#   JVM is running with Zero Based Compressed Oops mode in which the Java heap is
#     placed in the first 32GB address space. The Java Heap base address is the
#     maximum limit for the native heap growth. Please use -XX:HeapBaseMinAddress
#     to set the Java Heap base and to place the Java Heap above 32GB virtual address.
# This output file may be truncated or incomplete.
#
#  Out of Memory Error (arena.cpp:168), pid=2460, tid=68512
#
# JRE version: OpenJDK Runtime Environment Temurin-21.0.12.1+1 (21.0.12.1+1) (build 21.0.12.1+1-LTS)
# Java VM: OpenJDK 64-Bit Server VM Temurin-21.0.12.1+1 (21.0.12.1+1-LTS, mixed mode, sharing, tiered, compressed oops, compressed class ptrs, g1 gc, windows-amd64)
# No core dump will be written. Minidumps are not enabled by default on client versions of Windows
#

---------------  S U M M A R Y ------------

Command Line: --add-opens=java.base/java.lang=ALL-UNNAMED --add-opens=java.base/java.lang.invoke=ALL-UNNAMED --add-opens=java.base/java.util=ALL-UNNAMED --add-opens=java.prefs/java.util.prefs=ALL-UNNAMED --add-exports=jdk.compiler/com.sun.tools.javac.api=ALL-UNNAMED --add-exports=jdk.compiler/com.sun.tools.javac.util=ALL-UNNAMED --add-opens=java.base/java.util=ALL-UNNAMED --add-opens=java.prefs/java.util.prefs=ALL-UNNAMED --add-opens=java.base/java.nio.charset=ALL-UNNAMED --add-opens=java.base/java.net=ALL-UNNAMED --add-opens=java.base/java.util.concurrent=ALL-UNNAMED --add-opens=java.base/java.util.concurrent.atomic=ALL-UNNAMED --add-opens=java.xml/javax.xml.namespace=ALL-UNNAMED --add-opens=java.base/java.time=ALL-UNNAMED -XX:MaxMetaspaceSize=4G -XX:ReservedCodeCacheSize=512m -XX:+HeapDumpOnOutOfMemoryError -Xmx8G -Dfile.encoding=UTF-8 -Duser.country=IN -Duser.language=en -Duser.variant -javaagent:C:\Users\AJI\.gradle\wrapper\dists\gradle-9.1.0-all\7wzd0jkjit61aq2p43wpjgij9\gradle-9.1.0\lib\agents\gradle-instrumentation-agent-9.1.0.jar org.gradle.launcher.daemon.bootstrap.GradleDaemon 9.1.0

Host: 12th Gen Intel(R) Core(TM) i7-12700H, 20 cores, 15G,  Windows 11 , 64 bit Build 26100 (10.0.26100.9444)
Time: Thu Sep 10 13:12:35 2026 India Standard Time elapsed time: 371.890121 seconds (0d 0h 6m 11s)

---------------  T H R E A D  ---------------

Current thread (0x000001c57cdcb840):  JavaThread "C2 CompilerThread0" daemon [_thread_in_native, id=68512, stack(0x0000008f72b00000,0x0000008f72c00000) (1024K)]


Current CompileTask:
C2:371890 13624       4       com.android.build.gradle.internal.cxx.settings.ParseMacroStringKt::tokenizeMacroString (409 bytes)

Stack: [0x0000008f72b00000,0x0000008f72c00000]
Native frames: (J=compiled Java code, j=interpreted, Vv=VM code, C=native code)
V  [jvm.dll+0x6d83e9]
V  [jvm.dll+0x8b5736]
V  [jvm.dll+0x8b7cee]
V  [jvm.dll+0x8b83d3]
V  [jvm.dll+0x284596]
V  [jvm.dll+0xc685d]
V  [jvm.dll+0xc6da1]
V  [jvm.dll+0x3bf151]
V  [jvm.dll+0x38b6d2]
V  [jvm.dll+0x38ab1a]
V  [jvm.dll+0x24c700]
V  [jvm.dll+0x24bce0]
V  [jvm.dll+0x1cb4ae]
V  [jvm.dll+0x25baad]
V  [jvm.dll+0x25a03a]
V  [jvm.dll+0x3f8aae]
V  [jvm.dll+0x8600cd]
V  [jvm.dll+0x6d6c1d]
C  [ucrtbase.dll+0x2cd30]
C  [KERNEL32.DLL+0x2cd87]
C  [ntdll.dll+0xacaec]


---------------  P R O C E S S  ---------------

Threads class SMR info:
_java_thread_list=0x000001c548157f20, length=243, elements={
0x000001c54bbb07b0, 0x000001c579d7e790, 0x000001c57cd86590, 0x000001c57cd8c280,
0x000001c57cd911d0, 0x000001c57cdb1c40, 0x000001c57cdb42c0, 0x000001c57cdcb840,
0x000001c57cdd1720, 0x000001c57d088d50, 0x000001c57d04d650, 0x000001c57ea1ad20,
0x000001c57e930460, 0x000001c57e9d1dc0, 0x000001c57e3240b0, 0x000001c57e834320,
0x000001c57e7c1b20, 0x000001c57eaa1f30, 0x000001c57ea9fe60, 0x000001c57eaa0b80,
0x000001c57eaa04f0, 0x000001c57eaa25c0, 0x000001c57eaa18a0, 0x000001c57eaa1210,
0x000001c57f61d2f0, 0x000001c57f61ed30, 0x000001c57f6200e0, 0x000001c57f61e010,
0x000001c57f61d980, 0x000001c57f620770, 0x000001c57f621490, 0x000001c57f621b20,
0x000001c57f622840, 0x000001c57f623bf0, 0x000001c57f622ed0, 0x000001c57d3cdb90,
0x000001c57d3d02f0, 0x000001c57d3cef40, 0x000001c57d3ce8b0, 0x000001c57d3cfc60,
0x000001c57d3d0980, 0x000001c57d3cd500, 0x000001c57d3cf5d0, 0x000001c57d3d1010,
0x000001c57d3d16a0, 0x000001c57d3ce220, 0x000001c57d3d4b20, 0x000001c57d3d4490,
0x000001c57d3d2a50, 0x000001c57d3d23c0, 0x000001c57d3d3770, 0x000001c57d3d30e0,
0x000001c57d3d1d30, 0x000001c57d3d3e00, 0x000001c545d14db0, 0x000001c545d14720,
0x000001c545d15ad0, 0x000001c545d15440, 0x000001c545d16160, 0x000001c545d12ce0,
0x000001c545d167f0, 0x000001c545d13370, 0x000001c545d16e80, 0x000001c545d13a00,
0x000001c545d17510, 0x000001c545d14090, 0x000001c545d18230, 0x000001c545d195e0,
0x000001c545d18f50, 0x000001c545d17ba0, 0x000001c545d1a300, 0x000001c545d188c0,
0x000001c545d19c70, 0x000001c545eab850, 0x000001c545eabee0, 0x000001c545eac570,
0x000001c545eacc00, 0x000001c545ead920, 0x000001c545ead290, 0x000001c545eadfb0,
0x000001c545eae640, 0x000001c545eab1c0, 0x000001c57f2fe7a0, 0x000001c57f2fee30,
0x000001c57f2fe110, 0x000001c57f300870, 0x000001c57f2ff4c0, 0x000001c57f2fda80,
0x000001c57f2ffb50, 0x000001c57f3001e0, 0x000001c57f304380, 0x000001c547804bd0,
0x000001c547801750, 0x000001c547802470, 0x000001c547802b00, 0x000001c547803820,
0x000001c547806610, 0x000001c547803190, 0x000001c547807330, 0x000001c5478086e0,
0x000001c547806ca0, 0x000001c5478079c0, 0x000001c547808050, 0x000001c57f300f00,
0x000001c57f302fd0, 0x000001c57f303cf0, 0x000001c57f304a10, 0x000001c57f301590,
0x000001c57f620e00, 0x000001c57ea9f7d0, 0x000001c57d347e80, 0x000001c57d348ba0,
0x000001c57d34b300, 0x000001c57d34ac70, 0x000001c57d348510, 0x000001c57d349230,
0x000001c57d3498c0, 0x000001c57d349f50, 0x000001c57d34a5e0, 0x000001c5455f4b80,
0x000001c5455f5210, 0x000001c5455f8690, 0x000001c5455f6c50, 0x000001c5455f58a0,
0x000001c5455f8000, 0x000001c5455f7970, 0x000001c5455f8d20, 0x000001c5455f72e0,
0x000001c5455f93b0, 0x000001c5455f5f30, 0x000001c5455f9a40, 0x000001c5455f65c0,
0x000001c5455fa0d0, 0x000001c5455fa760, 0x000001c5455fb480, 0x000001c5455fadf0,
0x000001c5455fbb10, 0x000001c5455fc1a0, 0x000001c546984720, 0x000001c546984db0,
0x000001c546983a00, 0x000001c546985440, 0x000001c546985ad0, 0x000001c546982650,
0x000001c546986160, 0x000001c546983370, 0x000001c546984090, 0x000001c546982ce0,
0x000001c5469888c0, 0x000001c5469895e0, 0x000001c5469867f0, 0x000001c546988f50,
0x000001c546987ba0, 0x000001c546986e80, 0x000001c546989c70, 0x000001c546987510,
0x000001c546988230, 0x000001c547493df0, 0x000001c5474923b0, 0x000001c547491000,
0x000001c547494480, 0x000001c547493760, 0x000001c547494b10, 0x000001c547491690,
0x000001c5474951a0, 0x000001c547491d20, 0x000001c547495830, 0x000001c547495ec0,
0x000001c5474930d0, 0x000001c547492a40, 0x000001c547498cb0, 0x000001c547499340,
0x000001c5474999d0, 0x000001c547498620, 0x000001c547497900, 0x000001c547497f90,
0x000001c547496550, 0x000001c54749a060, 0x000001c547496be0, 0x000001c54749a6f0,
0x000001c547497270, 0x000001c54749db70, 0x000001c54749c130, 0x000001c54749ce50,
0x000001c54749c7c0, 0x000001c54749d4e0, 0x000001c54749e200, 0x000001c54749baa0,
0x000001c54749b410, 0x000001c54749ad80, 0x000001c5474a02d0, 0x000001c54749e890,
0x000001c54749ef20, 0x000001c54749f5b0, 0x000001c54749fc40, 0x000001c546bc3e90,
0x000001c546bc10a0, 0x000001c546bc3800, 0x000001c546bc4520, 0x000001c546bc1dc0,
0x000001c546bc4bb0, 0x000001c546bc3170, 0x000001c546bc1730, 0x000001c546bc58d0,
0x000001c546bc5240, 0x000001c546bc5f60, 0x000001c546bc6c80, 0x000001c546bc2ae0,
0x000001c546bc93e0, 0x000001c546bc7310, 0x000001c546bc79a0, 0x000001c546bc8030,
0x000001c546bc86c0, 0x000001c546bc8d50, 0x000001c546bc65f0, 0x000001c546bc9a70,
0x000001c546bccef0, 0x000001c546bcb4b0, 0x000001c546bcbb40, 0x000001c546bca100,
0x000001c546bcc1d0, 0x000001c546bcd580, 0x000001c546bca790, 0x000001c546bcc860,
0x000001c546bcefc0, 0x000001c546bcf650, 0x000001c546bce2a0, 0x000001c546bce930,
0x000001c546bcfce0, 0x000001c546bd0370, 0x000001c545698e40, 0x000001c54569bc30,
0x000001c5456994d0, 0x000001c54569b5a0, 0x000001c54569c950, 0x000001c54569c2c0,
0x000001c54569cfe0, 0x000001c545699b60, 0x000001c54569d670, 0x000001c54569a1f0,
0x000001c54569dd00, 0x000001c54569af10, 0x000001c54814edb0
}

Java Threads: ( => current thread )
  0x000001c54bbb07b0 JavaThread "main"                              [_thread_blocked, id=63748, stack(0x0000008f71d00000,0x0000008f71e00000) (1024K)]
  0x000001c579d7e790 JavaThread "Reference Handler"          daemon [_thread_blocked, id=49456, stack(0x0000008f72500000,0x0000008f72600000) (1024K)]
  0x000001c57cd86590 JavaThread "Finalizer"                  daemon [_thread_blocked, id=28580, stack(0x0000008f72600000,0x0000008f72700000) (1024K)]
  0x000001c57cd8c280 JavaThread "Signal Dispatcher"          daemon [_thread_blocked, id=65012, stack(0x0000008f72700000,0x0000008f72800000) (1024K)]
  0x000001c57cd911d0 JavaThread "Attach Listener"            daemon [_thread_blocked, id=33160, stack(0x0000008f72800000,0x0000008f72900000) (1024K)]
  0x000001c57cdb1c40 JavaThread "Service Thread"             daemon [_thread_blocked, id=43916, stack(0x0000008f72900000,0x0000008f72a00000) (1024K)]
  0x000001c57cdb42c0 JavaThread "Monitor Deflation Thread"   daemon [_thread_blocked, id=61236, stack(0x0000008f72a00000,0x0000008f72b00000) (1024K)]
=>0x000001c57cdcb840 JavaThread "C2 CompilerThread0"         daemon [_thread_in_native, id=68512, stack(0x0000008f72b00000,0x0000008f72c00000) (1024K)]
  0x000001c57cdd1720 JavaThread "C1 CompilerThread0"         daemon [_thread_blocked, id=79112, stack(0x0000008f72c00000,0x0000008f72d00000) (1024K)]
  0x000001c57d088d50 JavaThread "Common-Cleaner"             daemon [_thread_blocked, id=53420, stack(0x0000008f72f00000,0x0000008f73000000) (1024K)]
  0x000001c57d04d650 JavaThread "Notification Thread"        daemon [_thread_blocked, id=64952, stack(0x0000008f73000000,0x0000008f73100000) (1024K)]
  0x000001c57ea1ad20 JavaThread "Daemon health stats"               [_thread_blocked, id=81276, stack(0x0000008f73600000,0x0000008f73700000) (1024K)]
  0x000001c57e930460 JavaThread "Incoming local TCP Connector on port 8585"        [_thread_in_native, id=45552, stack(0x0000008f73700000,0x0000008f73800000) (1024K)]
  0x000001c57e9d1dc0 JavaThread "Daemon periodic checks"            [_thread_blocked, id=55992, stack(0x0000008f73800000,0x0000008f73900000) (1024K)]
  0x000001c57e3240b0 JavaThread "Daemon"                            [_thread_blocked, id=4372, stack(0x0000008f73900000,0x0000008f73a00000) (1024K)]
  0x000001c57e834320 JavaThread "Handler for socket connection from /127.0.0.1:8585 to /127.0.0.1:8586"        [_thread_in_native, id=59892, stack(0x0000008f73a00000,0x0000008f73b00000) (1024K)]
  0x000001c57e7c1b20 JavaThread "Cancel handler"                    [_thread_blocked, id=61864, stack(0x0000008f73b00000,0x0000008f73c00000) (1024K)]
  0x000001c57eaa1f30 JavaThread "Daemon worker"                     [_thread_in_vm, id=41568, stack(0x0000008f73c00000,0x0000008f73d00000) (1024K)]
  0x000001c57ea9fe60 JavaThread "Asynchronous log dispatcher for DefaultDaemonConnection: socket connection from /127.0.0.1:8585 to /127.0.0.1:8586"        [_thread_blocked, id=49396, stack(0x0000008f73d00000,0x0000008f73e00000) (1024K)]
  0x000001c57eaa0b80 JavaThread "Stdin handler"                     [_thread_blocked, id=57432, stack(0x0000008f73e00000,0x0000008f73f00000) (1024K)]
  0x000001c57eaa04f0 JavaThread "Daemon client event forwarder"        [_thread_blocked, id=40648, stack(0x0000008f73f00000,0x0000008f74000000) (1024K)]
  0x000001c57eaa25c0 JavaThread "Cache worker for journal cache (C:\Users\AJI\.gradle\caches\journal-1)"        [_thread_blocked, id=23592, stack(0x0000008f74000000,0x0000008f74100000) (1024K)]
  0x000001c57eaa18a0 JavaThread "File lock request listener"        [_thread_in_native, id=53064, stack(0x0000008f74100000,0x0000008f74200000) (1024K)]
  0x000001c57eaa1210 JavaThread "Cache worker for file hash cache (C:\Users\AJI\.gradle\caches\9.1.0\fileHashes)"        [_thread_blocked, id=81496, stack(0x0000008f72e00000,0x0000008f72f00000) (1024K)]
  0x000001c57f61d2f0 JavaThread "Cache worker for file hash cache (C:\Users\AJI\Documents\personal_website\ajilesh_web\aj_profile\android\.gradle\9.1.0\fileHashes)"        [_thread_blocked, id=72264, stack(0x0000008f75000000,0x0000008f75100000) (1024K)]
  0x000001c57f61ed30 JavaThread "Cache worker for Build Output Cleanup Cache (C:\Users\AJI\Documents\personal_website\ajilesh_web\aj_profile\android\.gradle\buildOutputCleanup)"        [_thread_blocked, id=61336, stack(0x0000008f75100000,0x0000008f75200000) (1024K)]
  0x000001c57f6200e0 JavaThread "File watcher server"        daemon [_thread_in_native, id=64056, stack(0x0000008f74f00000,0x0000008f75000000) (1024K)]
  0x000001c57f61e010 JavaThread "File watcher consumer"      daemon [_thread_blocked, id=27892, stack(0x0000008f75200000,0x0000008f75300000) (1024K)]
  0x000001c57f61d980 JavaThread "Cache worker for checksums cache (C:\Users\AJI\Documents\personal_website\ajilesh_web\aj_profile\android\.gradle\9.1.0\checksums)"        [_thread_blocked, id=36496, stack(0x0000008f75300000,0x0000008f75400000) (1024K)]
  0x000001c57f620770 JavaThread "Cache worker for file content cache (C:\Users\AJI\.gradle\caches\9.1.0\fileContent)"        [_thread_blocked, id=17976, stack(0x0000008f75400000,0x0000008f75500000) (1024K)]
  0x000001c57f621490 JavaThread "Cache worker for cache directory md-supplier (C:\Users\AJI\.gradle\caches\9.1.0\md-supplier)"        [_thread_blocked, id=23904, stack(0x0000008f75500000,0x0000008f75600000) (1024K)]
  0x000001c57f621b20 JavaThread "Cache worker for cache directory md-rule (C:\Users\AJI\.gradle\caches\9.1.0\md-rule)"        [_thread_blocked, id=62780, stack(0x0000008f75600000,0x0000008f75700000) (1024K)]
  0x000001c57f622840 JavaThread "Cache worker for Build Output Cleanup Cache (C:\Users\AJI\develop\flutter\packages\flutter_tools\gradle\.gradle\buildOutputCleanup)"        [_thread_blocked, id=64384, stack(0x0000008f71b00000,0x0000008f71c00000) (1024K)]
  0x000001c57f623bf0 JavaThread "Unconstrained build operations"        [_thread_blocked, id=77272, stack(0x0000008f71a00000,0x0000008f71b00000) (1024K)]
  0x000001c57f622ed0 JavaThread "Unconstrained build operations Thread 2"        [_thread_blocked, id=9512, stack(0x0000008f71c00000,0x0000008f71d00000) (1024K)]
  0x000001c57d3cdb90 JavaThread "Unconstrained build operations Thread 3"        [_thread_blocked, id=10740, stack(0x0000008f74e00000,0x0000008f74f00000) (1024K)]
  0x000001c57d3d02f0 JavaThread "Unconstrained build operations Thread 4"        [_thread_blocked, id=40260, stack(0x0000008f75700000,0x0000008f75800000) (1024K)]
  0x000001c57d3cef40 JavaThread "Unconstrained build operations Thread 5"        [_thread_blocked, id=48300, stack(0x0000008f75800000,0x0000008f75900000) (1024K)]
  0x000001c57d3ce8b0 JavaThread "Unconstrained build operations Thread 6"        [_thread_blocked, id=44184, stack(0x0000008f75900000,0x0000008f75a00000) (1024K)]
  0x000001c57d3cfc60 JavaThread "Unconstrained build operations Thread 7"        [_thread_blocked, id=61992, stack(0x0000008f75a00000,0x0000008f75b00000) (1024K)]
  0x000001c57d3d0980 JavaThread "Unconstrained build operations Thread 8"        [_thread_blocked, id=52212, stack(0x0000008f75b00000,0x0000008f75c00000) (1024K)]
  0x000001c57d3cd500 JavaThread "Unconstrained build operations Thread 9"        [_thread_blocked, id=68364, stack(0x0000008f75c00000,0x0000008f75d00000) (1024K)]
  0x000001c57d3cf5d0 JavaThread "Unconstrained build operations Thread 10"        [_thread_blocked, id=78900, stack(0x0000008f75d00000,0x0000008f75e00000) (1024K)]
  0x000001c57d3d1010 JavaThread "Unconstrained build operations Thread 11"        [_thread_blocked, id=39876, stack(0x0000008f75e00000,0x0000008f75f00000) (1024K)]
  0x000001c57d3d16a0 JavaThread "Unconstrained build operations Thread 12"        [_thread_blocked, id=34712, stack(0x0000008f75f00000,0x0000008f76000000) (1024K)]
  0x000001c57d3ce220 JavaThread "Unconstrained build operations Thread 13"        [_thread_blocked, id=82616, stack(0x0000008f76000000,0x0000008f76100000) (1024K)]
  0x000001c57d3d4b20 JavaThread "Unconstrained build operations Thread 14"        [_thread_blocked, id=81824, stack(0x0000008f76100000,0x0000008f76200000) (1024K)]
  0x000001c57d3d4490 JavaThread "Unconstrained build operations Thread 15"        [_thread_blocked, id=53268, stack(0x0000008f76200000,0x0000008f76300000) (1024K)]
  0x000001c57d3d2a50 JavaThread "Unconstrained build operations Thread 16"        [_thread_blocked, id=38092, stack(0x0000008f76300000,0x0000008f76400000) (1024K)]
  0x000001c57d3d23c0 JavaThread "Unconstrained build operations Thread 17"        [_thread_blocked, id=24980, stack(0x0000008f76400000,0x0000008f76500000) (1024K)]
  0x000001c57d3d3770 JavaThread "Unconstrained build operations Thread 18"        [_thread_blocked, id=41720, stack(0x0000008f76500000,0x0000008f76600000) (1024K)]
  0x000001c57d3d30e0 JavaThread "Unconstrained build operations Thread 19"        [_thread_blocked, id=71608, stack(0x0000008f76600000,0x0000008f76700000) (1024K)]
  0x000001c57d3d1d30 JavaThread "Unconstrained build operations Thread 20"        [_thread_blocked, id=46872, stack(0x0000008f76700000,0x0000008f76800000) (1024K)]
  0x000001c57d3d3e00 JavaThread "Unconstrained build operations Thread 21"        [_thread_blocked, id=51564, stack(0x0000008f76800000,0x0000008f76900000) (1024K)]
  0x000001c545d14db0 JavaThread "Unconstrained build operations Thread 22"        [_thread_blocked, id=69220, stack(0x0000008f76900000,0x0000008f76a00000) (1024K)]
  0x000001c545d14720 JavaThread "Unconstrained build operations Thread 23"        [_thread_blocked, id=44496, stack(0x0000008f76a00000,0x0000008f76b00000) (1024K)]
  0x000001c545d15ad0 JavaThread "Unconstrained build operations Thread 24"        [_thread_blocked, id=29428, stack(0x0000008f76b00000,0x0000008f76c00000) (1024K)]
  0x000001c545d15440 JavaThread "Unconstrained build operations Thread 25"        [_thread_blocked, id=78432, stack(0x0000008f76c00000,0x0000008f76d00000) (1024K)]
  0x000001c545d16160 JavaThread "Unconstrained build operations Thread 26"        [_thread_blocked, id=32796, stack(0x0000008f76d00000,0x0000008f76e00000) (1024K)]
  0x000001c545d12ce0 JavaThread "Unconstrained build operations Thread 27"        [_thread_blocked, id=64284, stack(0x0000008f76e00000,0x0000008f76f00000) (1024K)]
  0x000001c545d167f0 JavaThread "Unconstrained build operations Thread 28"        [_thread_blocked, id=10372, stack(0x0000008f76f00000,0x0000008f77000000) (1024K)]
  0x000001c545d13370 JavaThread "Unconstrained build operations Thread 29"        [_thread_blocked, id=47464, stack(0x0000008f77000000,0x0000008f77100000) (1024K)]
  0x000001c545d16e80 JavaThread "Unconstrained build operations Thread 30"        [_thread_blocked, id=56528, stack(0x0000008f77100000,0x0000008f77200000) (1024K)]
  0x000001c545d13a00 JavaThread "Unconstrained build operations Thread 31"        [_thread_blocked, id=47724, stack(0x0000008f77200000,0x0000008f77300000) (1024K)]
  0x000001c545d17510 JavaThread "Unconstrained build operations Thread 32"        [_thread_blocked, id=67200, stack(0x0000008f77300000,0x0000008f77400000) (1024K)]
  0x000001c545d14090 JavaThread "Unconstrained build operations Thread 33"        [_thread_blocked, id=27160, stack(0x0000008f77400000,0x0000008f77500000) (1024K)]
  0x000001c545d18230 JavaThread "Unconstrained build operations Thread 34"        [_thread_blocked, id=81024, stack(0x0000008f77500000,0x0000008f77600000) (1024K)]
  0x000001c545d195e0 JavaThread "Unconstrained build operations Thread 35"        [_thread_blocked, id=66980, stack(0x0000008f77600000,0x0000008f77700000) (1024K)]
  0x000001c545d18f50 JavaThread "Unconstrained build operations Thread 36"        [_thread_blocked, id=70096, stack(0x0000008f77700000,0x0000008f77800000) (1024K)]
  0x000001c545d17ba0 JavaThread "Unconstrained build operations Thread 37"        [_thread_blocked, id=72288, stack(0x0000008f77800000,0x0000008f77900000) (1024K)]
  0x000001c545d1a300 JavaThread "Unconstrained build operations Thread 38"        [_thread_blocked, id=47164, stack(0x0000008f77900000,0x0000008f77a00000) (1024K)]
  0x000001c545d188c0 JavaThread "Unconstrained build operations Thread 39"        [_thread_blocked, id=72648, stack(0x0000008f77a00000,0x0000008f77b00000) (1024K)]
  0x000001c545d19c70 JavaThread "Unconstrained build operations Thread 40"        [_thread_blocked, id=26412, stack(0x0000008f77b00000,0x0000008f77c00000) (1024K)]
  0x000001c545eab850 JavaThread "Unconstrained build operations Thread 41"        [_thread_blocked, id=35808, stack(0x0000008f77c00000,0x0000008f77d00000) (1024K)]
  0x000001c545eabee0 JavaThread "Unconstrained build operations Thread 42"        [_thread_blocked, id=77572, stack(0x0000008f77d00000,0x0000008f77e00000) (1024K)]
  0x000001c545eac570 JavaThread "Unconstrained build operations Thread 43"        [_thread_blocked, id=73076, stack(0x0000008f77e00000,0x0000008f77f00000) (1024K)]
  0x000001c545eacc00 JavaThread "Unconstrained build operations Thread 44"        [_thread_blocked, id=42012, stack(0x0000008f77f00000,0x0000008f78000000) (1024K)]
  0x000001c545ead920 JavaThread "Unconstrained build operations Thread 45"        [_thread_blocked, id=57272, stack(0x0000008f78000000,0x0000008f78100000) (1024K)]
  0x000001c545ead290 JavaThread "Unconstrained build operations Thread 46"        [_thread_blocked, id=2364, stack(0x0000008f78100000,0x0000008f78200000) (1024K)]
  0x000001c545eadfb0 JavaThread "Unconstrained build operations Thread 47"        [_thread_blocked, id=52060, stack(0x0000008f78200000,0x0000008f78300000) (1024K)]
  0x000001c545eae640 JavaThread "Unconstrained build operations Thread 48"        [_thread_blocked, id=17364, stack(0x0000008f78300000,0x0000008f78400000) (1024K)]
  0x000001c545eab1c0 JavaThread "Unconstrained build operations Thread 49"        [_thread_blocked, id=70264, stack(0x0000008f78400000,0x0000008f78500000) (1024K)]
  0x000001c57f2fe7a0 JavaThread "Unconstrained build operations Thread 50"        [_thread_blocked, id=58408, stack(0x0000008f78500000,0x0000008f78600000) (1024K)]
  0x000001c57f2fee30 JavaThread "Unconstrained build operations Thread 51"        [_thread_blocked, id=6004, stack(0x0000008f78600000,0x0000008f78700000) (1024K)]
  0x000001c57f2fe110 JavaThread "Unconstrained build operations Thread 52"        [_thread_blocked, id=55716, stack(0x0000008f78700000,0x0000008f78800000) (1024K)]
  0x000001c57f300870 JavaThread "Unconstrained build operations Thread 53"        [_thread_blocked, id=74092, stack(0x0000008f78800000,0x0000008f78900000) (1024K)]
  0x000001c57f2ff4c0 JavaThread "Unconstrained build operations Thread 54"        [_thread_blocked, id=55456, stack(0x0000008f78900000,0x0000008f78a00000) (1024K)]
  0x000001c57f2fda80 JavaThread "Unconstrained build operations Thread 55"        [_thread_blocked, id=13580, stack(0x0000008f78a00000,0x0000008f78b00000) (1024K)]
  0x000001c57f2ffb50 JavaThread "Unconstrained build operations Thread 56"        [_thread_blocked, id=78968, stack(0x0000008f78b00000,0x0000008f78c00000) (1024K)]
  0x000001c57f3001e0 JavaThread "Unconstrained build operations Thread 57"        [_thread_blocked, id=62996, stack(0x0000008f78c00000,0x0000008f78d00000) (1024K)]
  0x000001c57f304380 JavaThread "Memory manager"                    [_thread_blocked, id=41648, stack(0x0000008f78d00000,0x0000008f78e00000) (1024K)]
  0x000001c547804bd0 JavaThread "build event listener"              [_thread_blocked, id=44600, stack(0x0000008f79c00000,0x0000008f79d00000) (1024K)]
  0x000001c547801750 JavaThread "Execution worker"                  [_thread_blocked, id=41080, stack(0x0000008f79100000,0x0000008f79200000) (1024K)]
  0x000001c547802470 JavaThread "Execution worker Thread 2"         [_thread_blocked, id=71656, stack(0x0000008f79200000,0x0000008f79300000) (1024K)]
  0x000001c547802b00 JavaThread "Execution worker Thread 3"         [_thread_blocked, id=48608, stack(0x0000008f79300000,0x0000008f79400000) (1024K)]
  0x000001c547803820 JavaThread "Execution worker Thread 4"         [_thread_blocked, id=74536, stack(0x0000008f79400000,0x0000008f79500000) (1024K)]
  0x000001c547806610 JavaThread "Execution worker Thread 5"         [_thread_blocked, id=42896, stack(0x0000008f79500000,0x0000008f79600000) (1024K)]
  0x000001c547803190 JavaThread "Execution worker Thread 6"         [_thread_blocked, id=64560, stack(0x0000008f79600000,0x0000008f79700000) (1024K)]
  0x000001c547807330 JavaThread "Execution worker Thread 7"         [_thread_blocked, id=49924, stack(0x0000008f79700000,0x0000008f79800000) (1024K)]
  0x000001c5478086e0 JavaThread "Execution worker Thread 8"         [_thread_blocked, id=61592, stack(0x0000008f79800000,0x0000008f79900000) (1024K)]
  0x000001c547806ca0 JavaThread "Execution worker Thread 9"         [_thread_blocked, id=69824, stack(0x0000008f79900000,0x0000008f79a00000) (1024K)]
  0x000001c5478079c0 JavaThread "Execution worker Thread 10"        [_thread_blocked, id=39472, stack(0x0000008f79a00000,0x0000008f79b00000) (1024K)]
  0x000001c547808050 JavaThread "Execution worker Thread 11"        [_thread_blocked, id=40348, stack(0x0000008f79b00000,0x0000008f79c00000) (1024K)]
  0x000001c57f300f00 JavaThread "Execution worker Thread 12"        [_thread_blocked, id=50104, stack(0x0000008f79d00000,0x0000008f79e00000) (1024K)]
  0x000001c57f302fd0 JavaThread "Execution worker Thread 13"        [_thread_blocked, id=71520, stack(0x0000008f79e00000,0x0000008f79f00000) (1024K)]
  0x000001c57f303cf0 JavaThread "Execution worker Thread 14"        [_thread_blocked, id=3568, stack(0x0000008f79f00000,0x0000008f7a000000) (1024K)]
  0x000001c57f304a10 JavaThread "Execution worker Thread 15"        [_thread_blocked, id=64704, stack(0x0000008f7a000000,0x0000008f7a100000) (1024K)]
  0x000001c57f301590 JavaThread "Execution worker Thread 16"        [_thread_blocked, id=76676, stack(0x0000008f7a100000,0x0000008f7a200000) (1024K)]
  0x000001c57f620e00 JavaThread "Execution worker Thread 17"        [_thread_blocked, id=61124, stack(0x0000008f7a200000,0x0000008f7a300000) (1024K)]
  0x000001c57ea9f7d0 JavaThread "Execution worker Thread 18"        [_thread_blocked, id=63028, stack(0x0000008f7a300000,0x0000008f7a400000) (1024K)]
  0x000001c57d347e80 JavaThread "Execution worker Thread 19"        [_thread_blocked, id=40228, stack(0x0000008f7a400000,0x0000008f7a500000) (1024K)]
  0x000001c57d348ba0 JavaThread "Cache worker for execution history cache (C:\Users\AJI\develop\flutter\packages\flutter_tools\gradle\.gradle\9.1.0\executionHistory)"        [_thread_blocked, id=35532, stack(0x0000008f7a500000,0x0000008f7a600000) (1024K)]
  0x000001c57d34b300 JavaThread "Unconstrained build operations Thread 58"        [_thread_blocked, id=45276, stack(0x0000008f7a600000,0x0000008f7a700000) (1024K)]
  0x000001c57d34ac70 JavaThread "Unconstrained build operations Thread 59"        [_thread_blocked, id=74324, stack(0x0000008f7a700000,0x0000008f7a800000) (1024K)]
  0x000001c57d348510 JavaThread "Unconstrained build operations Thread 60"        [_thread_blocked, id=70404, stack(0x0000008f7a800000,0x0000008f7a900000) (1024K)]
  0x000001c57d349230 JavaThread "Unconstrained build operations Thread 61"        [_thread_blocked, id=58732, stack(0x0000008f7a900000,0x0000008f7aa00000) (1024K)]
  0x000001c57d3498c0 JavaThread "Unconstrained build operations Thread 62"        [_thread_blocked, id=81792, stack(0x0000008f7aa00000,0x0000008f7ab00000) (1024K)]
  0x000001c57d349f50 JavaThread "Unconstrained build operations Thread 63"        [_thread_blocked, id=41588, stack(0x0000008f7ab00000,0x0000008f7ac00000) (1024K)]
  0x000001c57d34a5e0 JavaThread "Unconstrained build operations Thread 64"        [_thread_blocked, id=59136, stack(0x0000008f7ac00000,0x0000008f7ad00000) (1024K)]
  0x000001c5455f4b80 JavaThread "Unconstrained build operations Thread 65"        [_thread_blocked, id=7892, stack(0x0000008f7ad00000,0x0000008f7ae00000) (1024K)]
  0x000001c5455f5210 JavaThread "Unconstrained build operations Thread 66"        [_thread_blocked, id=27676, stack(0x0000008f7ae00000,0x0000008f7af00000) (1024K)]
  0x000001c5455f8690 JavaThread "Unconstrained build operations Thread 67"        [_thread_blocked, id=68188, stack(0x0000008f7af00000,0x0000008f7b000000) (1024K)]
  0x000001c5455f6c50 JavaThread "Unconstrained build operations Thread 68"        [_thread_blocked, id=63300, stack(0x0000008f7b000000,0x0000008f7b100000) (1024K)]
  0x000001c5455f58a0 JavaThread "Unconstrained build operations Thread 69"        [_thread_blocked, id=57812, stack(0x0000008f7b100000,0x0000008f7b200000) (1024K)]
  0x000001c5455f8000 JavaThread "Unconstrained build operations Thread 70"        [_thread_blocked, id=42516, stack(0x0000008f7b200000,0x0000008f7b300000) (1024K)]
  0x000001c5455f7970 JavaThread "Unconstrained build operations Thread 71"        [_thread_blocked, id=70140, stack(0x0000008f7b300000,0x0000008f7b400000) (1024K)]
  0x000001c5455f8d20 JavaThread "Unconstrained build operations Thread 72"        [_thread_blocked, id=47344, stack(0x0000008f7b400000,0x0000008f7b500000) (1024K)]
  0x000001c5455f72e0 JavaThread "Unconstrained build operations Thread 73"        [_thread_blocked, id=14220, stack(0x0000008f7b500000,0x0000008f7b600000) (1024K)]
  0x000001c5455f93b0 JavaThread "Unconstrained build operations Thread 74"        [_thread_blocked, id=67700, stack(0x0000008f7b600000,0x0000008f7b700000) (1024K)]
  0x000001c5455f5f30 JavaThread "Unconstrained build operations Thread 75"        [_thread_blocked, id=81124, stack(0x0000008f7b700000,0x0000008f7b800000) (1024K)]
  0x000001c5455f9a40 JavaThread "Unconstrained build operations Thread 76"        [_thread_blocked, id=65232, stack(0x0000008f7b800000,0x0000008f7b900000) (1024K)]
  0x000001c5455f65c0 JavaThread "File lock release action executor Thread 16"        [_thread_blocked, id=33904, stack(0x0000008f7b900000,0x0000008f7ba00000) (1024K)]
  0x000001c5455fa0d0 JavaThread "Unconstrained build operations Thread 77"        [_thread_blocked, id=57668, stack(0x0000008f7ba00000,0x0000008f7bb00000) (1024K)]
  0x000001c5455fa760 JavaThread "Unconstrained build operations Thread 78"        [_thread_blocked, id=55708, stack(0x0000008f7bb00000,0x0000008f7bc00000) (1024K)]
  0x000001c5455fb480 JavaThread "Unconstrained build operations Thread 79"        [_thread_blocked, id=53816, stack(0x0000008f7bc00000,0x0000008f7bd00000) (1024K)]
  0x000001c5455fadf0 JavaThread "Unconstrained build operations Thread 80"        [_thread_blocked, id=77772, stack(0x0000008f7bd00000,0x0000008f7be00000) (1024K)]
  0x000001c5455fbb10 JavaThread "Unconstrained build operations Thread 81"        [_thread_blocked, id=46432, stack(0x0000008f7be00000,0x0000008f7bf00000) (1024K)]
  0x000001c5455fc1a0 JavaThread "Unconstrained build operations Thread 82"        [_thread_blocked, id=59948, stack(0x0000008f7bf00000,0x0000008f7c000000) (1024K)]
  0x000001c546984720 JavaThread "Unconstrained build operations Thread 83"        [_thread_blocked, id=13208, stack(0x0000008f7c000000,0x0000008f7c100000) (1024K)]
  0x000001c546984db0 JavaThread "Unconstrained build operations Thread 84"        [_thread_blocked, id=48892, stack(0x0000008f7c100000,0x0000008f7c200000) (1024K)]
  0x000001c546983a00 JavaThread "Unconstrained build operations Thread 85"        [_thread_blocked, id=67400, stack(0x0000008f7c200000,0x0000008f7c300000) (1024K)]
  0x000001c546985440 JavaThread "Unconstrained build operations Thread 86"        [_thread_blocked, id=44712, stack(0x0000008f7c300000,0x0000008f7c400000) (1024K)]
  0x000001c546985ad0 JavaThread "Unconstrained build operations Thread 87"        [_thread_blocked, id=19224, stack(0x0000008f7c400000,0x0000008f7c500000) (1024K)]
  0x000001c546982650 JavaThread "Unconstrained build operations Thread 88"        [_thread_blocked, id=49708, stack(0x0000008f7c500000,0x0000008f7c600000) (1024K)]
  0x000001c546986160 JavaThread "Unconstrained build operations Thread 89"        [_thread_blocked, id=49728, stack(0x0000008f7c600000,0x0000008f7c700000) (1024K)]
  0x000001c546983370 JavaThread "Unconstrained build operations Thread 90"        [_thread_blocked, id=22420, stack(0x0000008f7c700000,0x0000008f7c800000) (1024K)]
  0x000001c546984090 JavaThread "Unconstrained build operations Thread 91"        [_thread_blocked, id=72240, stack(0x0000008f7c800000,0x0000008f7c900000) (1024K)]
  0x000001c546982ce0 JavaThread "Unconstrained build operations Thread 92"        [_thread_blocked, id=74400, stack(0x0000008f7c900000,0x0000008f7ca00000) (1024K)]
  0x000001c5469888c0 JavaThread "Unconstrained build operations Thread 93"        [_thread_blocked, id=61788, stack(0x0000008f7ca00000,0x0000008f7cb00000) (1024K)]
  0x000001c5469895e0 JavaThread "Unconstrained build operations Thread 94"        [_thread_blocked, id=83432, stack(0x0000008f7cb00000,0x0000008f7cc00000) (1024K)]
  0x000001c5469867f0 JavaThread "Unconstrained build operations Thread 95"        [_thread_blocked, id=26528, stack(0x0000008f7cc00000,0x0000008f7cd00000) (1024K)]
  0x000001c546988f50 JavaThread "Unconstrained build operations Thread 96"        [_thread_blocked, id=40772, stack(0x0000008f7cd00000,0x0000008f7ce00000) (1024K)]
  0x000001c546987ba0 JavaThread "Unconstrained build operations Thread 97"        [_thread_blocked, id=3236, stack(0x0000008f7ce00000,0x0000008f7cf00000) (1024K)]
  0x000001c546986e80 JavaThread "Unconstrained build operations Thread 98"        [_thread_blocked, id=45620, stack(0x0000008f7cf00000,0x0000008f7d000000) (1024K)]
  0x000001c546989c70 JavaThread "Unconstrained build operations Thread 99"        [_thread_blocked, id=69084, stack(0x0000008f7d000000,0x0000008f7d100000) (1024K)]
  0x000001c546987510 JavaThread "Unconstrained build operations Thread 100"        [_thread_blocked, id=55340, stack(0x0000008f7d100000,0x0000008f7d200000) (1024K)]
  0x000001c546988230 JavaThread "Unconstrained build operations Thread 101"        [_thread_blocked, id=69316, stack(0x0000008f7d200000,0x0000008f7d300000) (1024K)]
  0x000001c547493df0 JavaThread "Unconstrained build operations Thread 102"        [_thread_blocked, id=8484, stack(0x0000008f7d300000,0x0000008f7d400000) (1024K)]
  0x000001c5474923b0 JavaThread "Unconstrained build operations Thread 103"        [_thread_blocked, id=70512, stack(0x0000008f7d400000,0x0000008f7d500000) (1024K)]
  0x000001c547491000 JavaThread "Unconstrained build operations Thread 104"        [_thread_blocked, id=60360, stack(0x0000008f7d500000,0x0000008f7d600000) (1024K)]
  0x000001c547494480 JavaThread "Unconstrained build operations Thread 105"        [_thread_blocked, id=58288, stack(0x0000008f7d600000,0x0000008f7d700000) (1024K)]
  0x000001c547493760 JavaThread "Unconstrained build operations Thread 106"        [_thread_blocked, id=17344, stack(0x0000008f7d700000,0x0000008f7d800000) (1024K)]
  0x000001c547494b10 JavaThread "Unconstrained build operations Thread 107"        [_thread_blocked, id=64828, stack(0x0000008f7d800000,0x0000008f7d900000) (1024K)]
  0x000001c547491690 JavaThread "Unconstrained build operations Thread 108"        [_thread_blocked, id=23744, stack(0x0000008f7d900000,0x0000008f7da00000) (1024K)]
  0x000001c5474951a0 JavaThread "Unconstrained build operations Thread 109"        [_thread_blocked, id=49580, stack(0x0000008f7da00000,0x0000008f7db00000) (1024K)]
  0x000001c547491d20 JavaThread "Unconstrained build operations Thread 110"        [_thread_blocked, id=76980, stack(0x0000008f7db00000,0x0000008f7dc00000) (1024K)]
  0x000001c547495830 JavaThread "Unconstrained build operations Thread 111"        [_thread_blocked, id=65768, stack(0x0000008f7dc00000,0x0000008f7dd00000) (1024K)]
  0x000001c547495ec0 JavaThread "Unconstrained build operations Thread 112"        [_thread_blocked, id=57416, stack(0x0000008f7dd00000,0x0000008f7de00000) (1024K)]
  0x000001c5474930d0 JavaThread "Unconstrained build operations Thread 113"        [_thread_blocked, id=37108, stack(0x0000008f7de00000,0x0000008f7df00000) (1024K)]
  0x000001c547492a40 JavaThread "Unconstrained build operations Thread 114"        [_thread_blocked, id=80964, stack(0x0000008f7df00000,0x0000008f7e000000) (1024K)]
  0x000001c547498cb0 JavaThread "Unconstrained build operations Thread 115"        [_thread_blocked, id=13128, stack(0x0000008f7e000000,0x0000008f7e100000) (1024K)]
  0x000001c547499340 JavaThread "Unconstrained build operations Thread 116"        [_thread_blocked, id=68820, stack(0x0000008f7e100000,0x0000008f7e200000) (1024K)]
  0x000001c5474999d0 JavaThread "Unconstrained build operations Thread 117"        [_thread_blocked, id=32276, stack(0x0000008f7e200000,0x0000008f7e300000) (1024K)]
  0x000001c547498620 JavaThread "Unconstrained build operations Thread 118"        [_thread_blocked, id=50376, stack(0x0000008f7e300000,0x0000008f7e400000) (1024K)]
  0x000001c547497900 JavaThread "Unconstrained build operations Thread 119"        [_thread_blocked, id=53200, stack(0x0000008f7e400000,0x0000008f7e500000) (1024K)]
  0x000001c547497f90 JavaThread "Unconstrained build operations Thread 120"        [_thread_blocked, id=29140, stack(0x0000008f7e500000,0x0000008f7e600000) (1024K)]
  0x000001c547496550 JavaThread "Unconstrained build operations Thread 121"        [_thread_blocked, id=65292, stack(0x0000008f7e600000,0x0000008f7e700000) (1024K)]
  0x000001c54749a060 JavaThread "Unconstrained build operations Thread 122"        [_thread_blocked, id=80024, stack(0x0000008f7e700000,0x0000008f7e800000) (1024K)]
  0x000001c547496be0 JavaThread "Unconstrained build operations Thread 123"        [_thread_blocked, id=67592, stack(0x0000008f7e800000,0x0000008f7e900000) (1024K)]
  0x000001c54749a6f0 JavaThread "Unconstrained build operations Thread 124"        [_thread_blocked, id=33564, stack(0x0000008f7e900000,0x0000008f7ea00000) (1024K)]
  0x000001c547497270 JavaThread "Unconstrained build operations Thread 125"        [_thread_blocked, id=44400, stack(0x0000008f7ea00000,0x0000008f7eb00000) (1024K)]
  0x000001c54749db70 JavaThread "Unconstrained build operations Thread 126"        [_thread_blocked, id=66472, stack(0x0000008f7eb00000,0x0000008f7ec00000) (1024K)]
  0x000001c54749c130 JavaThread "Unconstrained build operations Thread 127"        [_thread_blocked, id=54528, stack(0x0000008f7ec00000,0x0000008f7ed00000) (1024K)]
  0x000001c54749ce50 JavaThread "Unconstrained build operations Thread 128"        [_thread_blocked, id=47232, stack(0x0000008f7ed00000,0x0000008f7ee00000) (1024K)]
  0x000001c54749c7c0 JavaThread "Unconstrained build operations Thread 129"        [_thread_blocked, id=37560, stack(0x0000008f7ee00000,0x0000008f7ef00000) (1024K)]
  0x000001c54749d4e0 JavaThread "Unconstrained build operations Thread 130"        [_thread_blocked, id=31728, stack(0x0000008f7ef00000,0x0000008f7f000000) (1024K)]
  0x000001c54749e200 JavaThread "Unconstrained build operations Thread 131"        [_thread_blocked, id=23712, stack(0x0000008f7f000000,0x0000008f7f100000) (1024K)]
  0x000001c54749baa0 JavaThread "Unconstrained build operations Thread 132"        [_thread_blocked, id=71928, stack(0x0000008f7f100000,0x0000008f7f200000) (1024K)]
  0x000001c54749b410 JavaThread "Unconstrained build operations Thread 133"        [_thread_blocked, id=71636, stack(0x0000008f7f200000,0x0000008f7f300000) (1024K)]
  0x000001c54749ad80 JavaThread "Unconstrained build operations Thread 134"        [_thread_blocked, id=39424, stack(0x0000008f7f300000,0x0000008f7f400000) (1024K)]
  0x000001c5474a02d0 JavaThread "Unconstrained build operations Thread 135"        [_thread_blocked, id=69108, stack(0x0000008f7f400000,0x0000008f7f500000) (1024K)]
  0x000001c54749e890 JavaThread "Unconstrained build operations Thread 136"        [_thread_blocked, id=42540, stack(0x0000008f7f500000,0x0000008f7f600000) (1024K)]
  0x000001c54749ef20 JavaThread "Unconstrained build operations Thread 137"        [_thread_blocked, id=43572, stack(0x0000008f7f600000,0x0000008f7f700000) (1024K)]
  0x000001c54749f5b0 JavaThread "Unconstrained build operations Thread 138"        [_thread_blocked, id=73884, stack(0x0000008f7f700000,0x0000008f7f800000) (1024K)]
  0x000001c54749fc40 JavaThread "Unconstrained build operations Thread 139"        [_thread_blocked, id=23804, stack(0x0000008f7f800000,0x0000008f7f900000) (1024K)]
  0x000001c546bc3e90 JavaThread "Unconstrained build operations Thread 140"        [_thread_blocked, id=37764, stack(0x0000008f7f900000,0x0000008f7fa00000) (1024K)]
  0x000001c546bc10a0 JavaThread "Unconstrained build operations Thread 141"        [_thread_blocked, id=37396, stack(0x0000008f7fa00000,0x0000008f7fb00000) (1024K)]
  0x000001c546bc3800 JavaThread "Unconstrained build operations Thread 142"        [_thread_blocked, id=53892, stack(0x0000008f7fb00000,0x0000008f7fc00000) (1024K)]
  0x000001c546bc4520 JavaThread "Unconstrained build operations Thread 143"        [_thread_blocked, id=71668, stack(0x0000008f7fc00000,0x0000008f7fd00000) (1024K)]
  0x000001c546bc1dc0 JavaThread "Unconstrained build operations Thread 144"        [_thread_blocked, id=76276, stack(0x0000008f7fd00000,0x0000008f7fe00000) (1024K)]
  0x000001c546bc4bb0 JavaThread "Unconstrained build operations Thread 145"        [_thread_blocked, id=34476, stack(0x0000008f7fe00000,0x0000008f7ff00000) (1024K)]
  0x000001c546bc3170 JavaThread "Unconstrained build operations Thread 146"        [_thread_blocked, id=74276, stack(0x0000008f7ff00000,0x0000008f80000000) (1024K)]
  0x000001c546bc1730 JavaThread "Unconstrained build operations Thread 147"        [_thread_blocked, id=7196, stack(0x0000008f00000000,0x0000008f00100000) (1024K)]
  0x000001c546bc58d0 JavaThread "Unconstrained build operations Thread 148"        [_thread_blocked, id=64472, stack(0x0000008f00100000,0x0000008f00200000) (1024K)]
  0x000001c546bc5240 JavaThread "Unconstrained build operations Thread 149"        [_thread_blocked, id=40020, stack(0x0000008f00200000,0x0000008f00300000) (1024K)]
  0x000001c546bc5f60 JavaThread "Unconstrained build operations Thread 150"        [_thread_blocked, id=77436, stack(0x0000008f00300000,0x0000008f00400000) (1024K)]
  0x000001c546bc6c80 JavaThread "Unconstrained build operations Thread 151"        [_thread_blocked, id=27184, stack(0x0000008f00400000,0x0000008f00500000) (1024K)]
  0x000001c546bc2ae0 JavaThread "Unconstrained build operations Thread 152"        [_thread_blocked, id=34948, stack(0x0000008f00500000,0x0000008f00600000) (1024K)]
  0x000001c546bc93e0 JavaThread "Unconstrained build operations Thread 153"        [_thread_blocked, id=69224, stack(0x0000008f00600000,0x0000008f00700000) (1024K)]
  0x000001c546bc7310 JavaThread "Unconstrained build operations Thread 154"        [_thread_blocked, id=80552, stack(0x0000008f00700000,0x0000008f00800000) (1024K)]
  0x000001c546bc79a0 JavaThread "Unconstrained build operations Thread 155"        [_thread_blocked, id=43668, stack(0x0000008f00800000,0x0000008f00900000) (1024K)]
  0x000001c546bc8030 JavaThread "Unconstrained build operations Thread 156"        [_thread_blocked, id=43868, stack(0x0000008f00900000,0x0000008f00a00000) (1024K)]
  0x000001c546bc86c0 JavaThread "Unconstrained build operations Thread 157"        [_thread_blocked, id=78636, stack(0x0000008f00a00000,0x0000008f00b00000) (1024K)]
  0x000001c546bc8d50 JavaThread "Unconstrained build operations Thread 158"        [_thread_blocked, id=64792, stack(0x0000008f00b00000,0x0000008f00c00000) (1024K)]
  0x000001c546bc65f0 JavaThread "Unconstrained build operations Thread 159"        [_thread_blocked, id=29956, stack(0x0000008f00c00000,0x0000008f00d00000) (1024K)]
  0x000001c546bc9a70 JavaThread "Unconstrained build operations Thread 160"        [_thread_blocked, id=12736, stack(0x0000008f00d00000,0x0000008f00e00000) (1024K)]
  0x000001c546bccef0 JavaThread "Unconstrained build operations Thread 161"        [_thread_blocked, id=23132, stack(0x0000008f00e00000,0x0000008f00f00000) (1024K)]
  0x000001c546bcb4b0 JavaThread "Unconstrained build operations Thread 162"        [_thread_blocked, id=70684, stack(0x0000008f00f00000,0x0000008f01000000) (1024K)]
  0x000001c546bcbb40 JavaThread "Unconstrained build operations Thread 163"        [_thread_blocked, id=50592, stack(0x0000008f01000000,0x0000008f01100000) (1024K)]
  0x000001c546bca100 JavaThread "Unconstrained build operations Thread 164"        [_thread_blocked, id=39628, stack(0x0000008f01100000,0x0000008f01200000) (1024K)]
  0x000001c546bcc1d0 JavaThread "Unconstrained build operations Thread 165"        [_thread_blocked, id=24488, stack(0x0000008f01200000,0x0000008f01300000) (1024K)]
  0x000001c546bcd580 JavaThread "Unconstrained build operations Thread 166"        [_thread_blocked, id=74516, stack(0x0000008f01300000,0x0000008f01400000) (1024K)]
  0x000001c546bca790 JavaThread "Unconstrained build operations Thread 167"        [_thread_blocked, id=69428, stack(0x0000008f01400000,0x0000008f01500000) (1024K)]
  0x000001c546bcc860 JavaThread "Unconstrained build operations Thread 168"        [_thread_blocked, id=83236, stack(0x0000008f01500000,0x0000008f01600000) (1024K)]
  0x000001c546bcefc0 JavaThread "File lock release action executor Thread 17"        [_thread_blocked, id=60592, stack(0x0000008f01600000,0x0000008f01700000) (1024K)]
  0x000001c546bcf650 JavaThread "File lock release action executor Thread 18"        [_thread_blocked, id=38192, stack(0x0000008f01700000,0x0000008f01800000) (1024K)]
  0x000001c546bce2a0 JavaThread "File lock release action executor Thread 19"        [_thread_blocked, id=82288, stack(0x0000008f01800000,0x0000008f01900000) (1024K)]
  0x000001c546bce930 JavaThread "File lock release action executor Thread 20"        [_thread_blocked, id=59764, stack(0x0000008f01900000,0x0000008f01a00000) (1024K)]
  0x000001c546bcfce0 JavaThread "File lock release action executor Thread 21"        [_thread_blocked, id=47608, stack(0x0000008f01c00000,0x0000008f01d00000) (1024K)]
  0x000001c546bd0370 JavaThread "File lock release action executor Thread 22"        [_thread_blocked, id=67536, stack(0x0000008f01d00000,0x0000008f01e00000) (1024K)]
  0x000001c545698e40 JavaThread "File lock release action executor Thread 23"        [_thread_blocked, id=18976, stack(0x0000008f01e00000,0x0000008f01f00000) (1024K)]
  0x000001c54569bc30 JavaThread "File lock release action executor Thread 24"        [_thread_blocked, id=70572, stack(0x0000008f01f00000,0x0000008f02000000) (1024K)]
  0x000001c5456994d0 JavaThread "File lock release action executor Thread 25"        [_thread_blocked, id=42228, stack(0x0000008f02000000,0x0000008f02100000) (1024K)]
  0x000001c54569b5a0 JavaThread "File lock release action executor Thread 26"        [_thread_blocked, id=63048, stack(0x0000008f02100000,0x0000008f02200000) (1024K)]
  0x000001c54569c950 JavaThread "File lock release action executor Thread 27"        [_thread_blocked, id=50812, stack(0x0000008f02200000,0x0000008f02300000) (1024K)]
  0x000001c54569c2c0 JavaThread "File lock release action executor Thread 28"        [_thread_blocked, id=7804, stack(0x0000008f02300000,0x0000008f02400000) (1024K)]
  0x000001c54569cfe0 JavaThread "File lock release action executor Thread 29"        [_thread_blocked, id=70696, stack(0x0000008f02400000,0x0000008f02500000) (1024K)]
  0x000001c545699b60 JavaThread "File lock release action executor Thread 30"        [_thread_blocked, id=42880, stack(0x0000008f02500000,0x0000008f02600000) (1024K)]
  0x000001c54569d670 JavaThread "File lock release action executor Thread 31"        [_thread_blocked, id=82660, stack(0x0000008f02600000,0x0000008f02700000) (1024K)]
  0x000001c54569a1f0 JavaThread "File lock release action executor Thread 32"        [_thread_blocked, id=33636, stack(0x0000008f02700000,0x0000008f02800000) (1024K)]
  0x000001c54569dd00 JavaThread "build event listener"              [_thread_blocked, id=46792, stack(0x0000008f02800000,0x0000008f02900000) (1024K)]
  0x000001c54569af10 JavaThread "build event listener"              [_thread_blocked, id=75008, stack(0x0000008f02900000,0x0000008f02a00000) (1024K)]
  0x000001c54814edb0 JavaThread "C1 CompilerThread1"         daemon [_thread_blocked, id=21284, stack(0x0000008f02a00000,0x0000008f02b00000) (1024K)]
Total: 243

Other Threads:
  0x000001c579d69c60 VMThread "VM Thread"                           [id=74604, stack(0x0000008f72400000,0x0000008f72500000) (1024K)]
  0x000001c579d5ae10 WatcherThread "VM Periodic Task Thread"        [id=56840, stack(0x0000008f72300000,0x0000008f72400000) (1024K)]
  0x000001c54bc5cb60 WorkerThread "GC Thread#0"                     [id=59944, stack(0x0000008f71e00000,0x0000008f71f00000) (1024K)]
  0x000001c57d0a8730 WorkerThread "GC Thread#1"                     [id=53908, stack(0x0000008f73100000,0x0000008f73200000) (1024K)]
  0x000001c57d0a8ae0 WorkerThread "GC Thread#2"                     [id=37880, stack(0x0000008f73200000,0x0000008f73300000) (1024K)]
  0x000001c57d0f2a40 WorkerThread "GC Thread#3"                     [id=54572, stack(0x0000008f73300000,0x0000008f73400000) (1024K)]
  0x000001c57d0f2df0 WorkerThread "GC Thread#4"                     [id=3160, stack(0x0000008f73400000,0x0000008f73500000) (1024K)]
  0x000001c57d0f31a0 WorkerThread "GC Thread#5"                     [id=83148, stack(0x0000008f73500000,0x0000008f73600000) (1024K)]
  0x000001c57d190490 WorkerThread "GC Thread#6"                     [id=7260, stack(0x0000008f72d00000,0x0000008f72e00000) (1024K)]
  0x000001c57d191350 WorkerThread "GC Thread#7"                     [id=46500, stack(0x0000008f74300000,0x0000008f74400000) (1024K)]
  0x000001c57d190840 WorkerThread "GC Thread#8"                     [id=28324, stack(0x0000008f74400000,0x0000008f74500000) (1024K)]
  0x000001c57d190bf0 WorkerThread "GC Thread#9"                     [id=34960, stack(0x0000008f74500000,0x0000008f74600000) (1024K)]
  0x000001c57d191700 WorkerThread "GC Thread#10"                    [id=80660, stack(0x0000008f74600000,0x0000008f74700000) (1024K)]
  0x000001c57d191ab0 WorkerThread "GC Thread#11"                    [id=20776, stack(0x0000008f74700000,0x0000008f74800000) (1024K)]
  0x000001c57d1900e0 WorkerThread "GC Thread#12"                    [id=77340, stack(0x0000008f74800000,0x0000008f74900000) (1024K)]
  0x000001c57d190fa0 WorkerThread "GC Thread#13"                    [id=46368, stack(0x0000008f74900000,0x0000008f74a00000) (1024K)]
  0x000001c57d20f680 WorkerThread "GC Thread#14"                    [id=6820, stack(0x0000008f74a00000,0x0000008f74b00000) (1024K)]
  0x000001c54bc6e360 ConcurrentGCThread "G1 Main Marker"            [id=27840, stack(0x0000008f71f00000,0x0000008f72000000) (1024K)]
  0x000001c579b80080 WorkerThread "G1 Conc#0"                       [id=68488, stack(0x0000008f72000000,0x0000008f72100000) (1024K)]
  0x000001c57d2117b0 WorkerThread "G1 Conc#1"                       [id=29528, stack(0x0000008f74b00000,0x0000008f74c00000) (1024K)]
  0x000001c57d20fde0 WorkerThread "G1 Conc#2"                       [id=41956, stack(0x0000008f74c00000,0x0000008f74d00000) (1024K)]
  0x000001c57d211050 WorkerThread "G1 Conc#3"                       [id=4576, stack(0x0000008f74d00000,0x0000008f74e00000) (1024K)]
  0x000001c579c28e90 ConcurrentGCThread "G1 Refine#0"               [id=62116, stack(0x0000008f72100000,0x0000008f72200000) (1024K)]
  0x000001c579c298b0 ConcurrentGCThread "G1 Service"                [id=40852, stack(0x0000008f72200000,0x0000008f72300000) (1024K)]
Total: 24

Threads with active compile tasks:
C2 CompilerThread0  371940 13624       4       com.android.build.gradle.internal.cxx.settings.ParseMacroStringKt::tokenizeMacroString (409 bytes)
Total: 1

VM state: not at safepoint (normal execution)

VM Mutex/Monitor currently owned by a thread: None

Heap address: 0x0000000600000000, size: 8192 MB, Compressed Oops mode: Zero based, Oop shift amount: 3

CDS archive(s) mapped at: [0x000001c500000000-0x000001c500ba0000-0x000001c500ba0000), size 12189696, SharedBaseAddress: 0x000001c500000000, ArchiveRelocationMode: 1.
Compressed class space mapped at: 0x000001c501000000-0x000001c541000000, reserved size: 1073741824
Narrow klass base: 0x000001c500000000, Narrow klass shift: 0, Narrow klass range: 0x100000000

GC Precious Log:
 CardTable entry size: 512
 Card Set container configuration: InlinePtr #cards 4 size 8 Array Of Cards #cards 32 size 80 Howl #buckets 8 coarsen threshold 7372 Howl Bitmap #cards 1024 size 144 coarsen threshold 921 Card regions per heap region 1 cards per card region 8192
 CPUs: 20 total, 20 available
 Memory: 16068M
 Large Page Support: Disabled
 NUMA Support: Disabled
 Compressed Oops: Enabled (Zero based)
 Heap Region Size: 4M
 Heap Min Capacity: 8M
 Heap Initial Capacity: 252M
 Heap Max Capacity: 8G
 Pre-touch: Disabled
 Parallel Workers: 15
 Concurrent Workers: 4
 Concurrent Refinement Workers: 15
 Periodic GC: Disabled

Heap:
 garbage-first heap   total 192512K, used 122905K [0x0000000600000000, 0x0000000800000000)
  region size 4096K, 8 young (32768K), 2 survivors (8192K)
 Metaspace       used 100368K, committed 102720K, reserved 1179648K
  class space    used 14404K, committed 15552K, reserved 1048576K

Heap Regions: E=young(eden), S=young(survivor), O=old, HS=humongous(starts), HC=humongous(continues), CS=collection set, F=free, TAMS=top-at-mark-start, PB=parsable bottom
|   0|0x0000000600000000, 0x0000000600400000, 0x0000000600400000|100%|HS|  |TAMS 0x0000000600000000| PB 0x0000000600000000| Complete 
|   1|0x0000000600400000, 0x0000000600800000, 0x0000000600800000|100%| O|  |TAMS 0x0000000600400000| PB 0x0000000600400000| Untracked 
|   2|0x0000000600800000, 0x0000000600c00000, 0x0000000600c00000|100%| O|  |TAMS 0x0000000600800000| PB 0x0000000600800000| Untracked 
|   3|0x0000000600c00000, 0x0000000601000000, 0x0000000601000000|100%| O|  |TAMS 0x0000000600c00000| PB 0x0000000600c00000| Untracked 
|   4|0x0000000601000000, 0x0000000601400000, 0x0000000601400000|100%| O|  |TAMS 0x0000000601000000| PB 0x0000000601000000| Untracked 
|   5|0x0000000601400000, 0x0000000601800000, 0x0000000601800000|100%| O|  |TAMS 0x0000000601400000| PB 0x0000000601400000| Untracked 
|   6|0x0000000601800000, 0x0000000601c00000, 0x0000000601c00000|100%| O|  |TAMS 0x0000000601800000| PB 0x0000000601800000| Untracked 
|   7|0x0000000601c00000, 0x0000000602000000, 0x0000000602000000|100%| O|  |TAMS 0x0000000601c00000| PB 0x0000000601c00000| Untracked 
|   8|0x0000000602000000, 0x0000000602400000, 0x0000000602400000|100%| O|  |TAMS 0x0000000602000000| PB 0x0000000602000000| Untracked 
|   9|0x0000000602400000, 0x0000000602800000, 0x0000000602800000|100%| O|  |TAMS 0x0000000602400000| PB 0x0000000602400000| Untracked 
|  10|0x0000000602800000, 0x0000000602c00000, 0x0000000602c00000|100%| O|  |TAMS 0x0000000602800000| PB 0x0000000602800000| Untracked 
|  11|0x0000000602c00000, 0x0000000603000000, 0x0000000603000000|100%| O|  |TAMS 0x0000000602c00000| PB 0x0000000602c00000| Untracked 
|  12|0x0000000603000000, 0x0000000603400000, 0x0000000603400000|100%| O|  |TAMS 0x0000000603000000| PB 0x0000000603000000| Untracked 
|  13|0x0000000603400000, 0x0000000603800000, 0x0000000603800000|100%| O|  |TAMS 0x0000000603400000| PB 0x0000000603400000| Untracked 
|  14|0x0000000603800000, 0x0000000603c00000, 0x0000000603c00000|100%| O|  |TAMS 0x0000000603800000| PB 0x0000000603800000| Untracked 
|  15|0x0000000603c00000, 0x0000000603ea8b58, 0x0000000604000000| 66%| O|  |TAMS 0x0000000603c00000| PB 0x0000000603c00000| Untracked 
|  16|0x0000000604000000, 0x0000000604400000, 0x0000000604400000|100%| O|  |TAMS 0x0000000604000000| PB 0x0000000604000000| Untracked 
|  17|0x0000000604400000, 0x0000000604800000, 0x0000000604800000|100%| O|  |TAMS 0x0000000604400000| PB 0x0000000604400000| Untracked 
|  18|0x0000000604800000, 0x0000000604c00000, 0x0000000604c00000|100%| O|  |TAMS 0x0000000604800000| PB 0x0000000604800000| Untracked 
|  19|0x0000000604c00000, 0x0000000605000000, 0x0000000605000000|100%| O|  |TAMS 0x0000000604c00000| PB 0x0000000604c00000| Untracked 
|  20|0x0000000605000000, 0x0000000605400000, 0x0000000605400000|100%| O|  |TAMS 0x0000000605000000| PB 0x0000000605000000| Untracked 
|  21|0x0000000605400000, 0x0000000605800000, 0x0000000605800000|100%| O|  |TAMS 0x0000000605400000| PB 0x0000000605400000| Untracked 
|  22|0x0000000605800000, 0x0000000605800000, 0x0000000605c00000|  0%| F|  |TAMS 0x0000000605800000| PB 0x0000000605800000| Untracked 
|  23|0x0000000605c00000, 0x0000000606000000, 0x0000000606000000|100%| O|  |TAMS 0x0000000605c00000| PB 0x0000000605c00000| Untracked 
|  24|0x0000000606000000, 0x0000000606000000, 0x0000000606400000|  0%| F|  |TAMS 0x0000000606000000| PB 0x0000000606000000| Untracked 
|  25|0x0000000606400000, 0x000000060655db38, 0x0000000606800000| 34%| S|CS|TAMS 0x0000000606400000| PB 0x0000000606400000| Complete 
|  26|0x0000000606800000, 0x0000000606c00000, 0x0000000606c00000|100%| S|CS|TAMS 0x0000000606800000| PB 0x0000000606800000| Complete 
|  27|0x0000000606c00000, 0x0000000606c00000, 0x0000000607000000|  0%| F|  |TAMS 0x0000000606c00000| PB 0x0000000606c00000| Untracked 
|  28|0x0000000607000000, 0x0000000607000000, 0x0000000607400000|  0%| F|  |TAMS 0x0000000607000000| PB 0x0000000607000000| Untracked 
|  29|0x0000000607400000, 0x0000000607400000, 0x0000000607800000|  0%| F|  |TAMS 0x0000000607400000| PB 0x0000000607400000| Untracked 
|  30|0x0000000607800000, 0x0000000607800000, 0x0000000607c00000|  0%| F|  |TAMS 0x0000000607800000| PB 0x0000000607800000| Untracked 
|  31|0x0000000607c00000, 0x0000000607c00000, 0x0000000608000000|  0%| F|  |TAMS 0x0000000607c00000| PB 0x0000000607c00000| Untracked 
|  32|0x0000000608000000, 0x0000000608000000, 0x0000000608400000|  0%| F|  |TAMS 0x0000000608000000| PB 0x0000000608000000| Untracked 
|  33|0x0000000608400000, 0x0000000608400000, 0x0000000608800000|  0%| F|  |TAMS 0x0000000608400000| PB 0x0000000608400000| Untracked 
|  34|0x0000000608800000, 0x0000000608800000, 0x0000000608c00000|  0%| F|  |TAMS 0x0000000608800000| PB 0x0000000608800000| Untracked 
|  35|0x0000000608c00000, 0x0000000608c00000, 0x0000000609000000|  0%| F|  |TAMS 0x0000000608c00000| PB 0x0000000608c00000| Untracked 
|  36|0x0000000609000000, 0x0000000609000000, 0x0000000609400000|  0%| F|  |TAMS 0x0000000609000000| PB 0x0000000609000000| Untracked 
|  37|0x0000000609400000, 0x0000000609400000, 0x0000000609800000|  0%| F|  |TAMS 0x0000000609400000| PB 0x0000000609400000| Untracked 
|  38|0x0000000609800000, 0x0000000609800000, 0x0000000609c00000|  0%| F|  |TAMS 0x0000000609800000| PB 0x0000000609800000| Untracked 
|  39|0x0000000609c00000, 0x0000000609c00000, 0x000000060a000000|  0%| F|  |TAMS 0x0000000609c00000| PB 0x0000000609c00000| Untracked 
|  40|0x000000060a000000, 0x000000060a291168, 0x000000060a400000| 64%| E|  |TAMS 0x000000060a000000| PB 0x000000060a000000| Complete 
|  41|0x000000060a400000, 0x000000060a800000, 0x000000060a800000|100%| E|CS|TAMS 0x000000060a400000| PB 0x000000060a400000| Complete 
|  42|0x000000060a800000, 0x000000060ac00000, 0x000000060ac00000|100%| E|CS|TAMS 0x000000060a800000| PB 0x000000060a800000| Complete 
|  61|0x000000060f400000, 0x000000060f800000, 0x000000060f800000|100%| E|CS|TAMS 0x000000060f400000| PB 0x000000060f400000| Complete 
|  62|0x000000060f800000, 0x000000060fc00000, 0x000000060fc00000|100%| E|CS|TAMS 0x000000060f800000| PB 0x000000060f800000| Complete 
|2046|0x00000007ff800000, 0x00000007ffc00000, 0x00000007ffc00000|100%| O|Cm|TAMS 0x00000007ff800000| PB 0x00000007ff800000| Complete 
|2047|0x00000007ffc00000, 0x0000000800000000, 0x0000000800000000|100%| E|CS|TAMS 0x00000007ffc00000| PB 0x00000007ffc00000| Complete 

Card table byte_map: [0x000001c570a70000,0x000001c571a70000] _byte_map_base: 0x000001c56da70000

Marking Bits: (CMBitMap*) 0x000001c54bc5d270
 Bits: [0x000001c571a70000, 0x000001c579a70000)

Polling page: 0x000001c5499e0000

Metaspace:

Usage:
  Non-class:     83.95 MB used.
      Class:     14.07 MB used.
       Both:     98.02 MB used.

Virtual space:
  Non-class space:      128.00 MB reserved,      85.12 MB ( 67%) committed,  2 nodes.
      Class space:        1.00 GB reserved,      15.19 MB (  1%) committed,  1 nodes.
             Both:        1.12 GB reserved,     100.31 MB (  9%) committed. 

Chunk freelists:
   Non-Class:  10.67 MB
       Class:  688.00 KB
        Both:  11.34 MB

MaxMetaspaceSize: 4.00 GB
CompressedClassSpaceSize: 1.00 GB
Initial GC threshold: 21.00 MB
Current GC threshold: 165.88 MB
CDS: on
 - commit_granule_bytes: 65536.
 - commit_granule_words: 8192.
 - virtual_space_node_default_size: 8388608.
 - enlarge_chunks_in_place: 1.
 - use_allocation_guard: 0.


Internal statistics:

num_allocs_failed_limit: 12.
num_arena_births: 4152.
num_arena_deaths: 2.
num_vsnodes_births: 3.
num_vsnodes_deaths: 0.
num_space_committed: 1605.
num_space_uncommitted: 0.
num_chunks_returned_to_freelist: 15.
num_chunks_taken_from_freelist: 8967.
num_chunk_merges: 12.
num_chunk_splits: 5855.
num_chunks_enlarged: 3652.
num_inconsistent_stats: 0.

CodeHeap 'non-profiled nmethods': size=258432Kb used=6792Kb max_used=7099Kb free=251639Kb
 bounds [0x000001c55f150000, 0x000001c55f840000, 0x000001c56edb0000]
CodeHeap 'profiled nmethods': size=258368Kb used=22780Kb max_used=22780Kb free=235587Kb
 bounds [0x000001c54edb0000, 0x000001c550400000, 0x000001c55ea00000]
CodeHeap 'non-nmethods': size=7488Kb used=2566Kb max_used=2603Kb free=4921Kb
 bounds [0x000001c55ea00000, 0x000001c55ed10000, 0x000001c55f150000]
CodeCache: size=524288Kb, used=32138Kb, max_used=32482Kb, free=492147Kb
 total_blobs=12542, nmethods=11683, adapters=761, full_count=0
Compilation: enabled, stopped_count=0, restarted_count=0

Compilation events (20 events):
Event: 371.780 Thread 0x000001c57cdd1720 13697       1       sun.security.provider.DigestBase::engineGetDigestLength (5 bytes)
Event: 371.780 Thread 0x000001c57cdd1720 nmethod 13697 0x000001c55f622690 code [0x000001c55f622820, 0x000001c55f6228e8]
Event: 371.781 Thread 0x000001c57cdd1720 13698       3       org.gradle.internal.classpath.Instrumented::fileSystemEntryObserved (11 bytes)
Event: 371.781 Thread 0x000001c54814edb0 13699       3       org.gradle.internal.cc.impl.promo.PromoInputsListener::fileSystemEntryObserved (13 bytes)
Event: 371.781 Thread 0x000001c57cdd1720 nmethod 13698 0x000001c5503e3c10 code [0x000001c5503e3de0, 0x000001c5503e4198]
Event: 371.782 Thread 0x000001c57cdd1720 13700       3       java.util.regex.Pattern$BranchConn::match (11 bytes)
Event: 371.782 Thread 0x000001c54814edb0 nmethod 13699 0x000001c5503e4310 code [0x000001c5503e45a0, 0x000001c5503e4f98]
Event: 371.782 Thread 0x000001c57cdd1720 nmethod 13700 0x000001c5503e5390 code [0x000001c5503e5540, 0x000001c5503e5720]
Event: 371.782 Thread 0x000001c57cdd1720 13701       3       com.google.gson.internal.$Gson$Preconditions::checkArgument (13 bytes)
Event: 371.782 Thread 0x000001c57cdd1720 nmethod 13701 0x000001c5503e5810 code [0x000001c5503e59c0, 0x000001c5503e5ba0]
Event: 371.793 Thread 0x000001c57cdd1720 13703       3       java.io.File::hashCode (8 bytes)
Event: 371.794 Thread 0x000001c57cdd1720 nmethod 13703 0x000001c5503e5c90 code [0x000001c5503e5e80, 0x000001c5503e6258]
Event: 371.794 Thread 0x000001c54814edb0 13704       3       com.google.gson.internal.LinkedTreeMap$Node::hashCode (38 bytes)
Event: 371.794 Thread 0x000001c54814edb0 nmethod 13704 0x000001c5503e6410 code [0x000001c5503e65e0, 0x000001c5503e6940]
Event: 371.848 Thread 0x000001c54814edb0 13707       1       com.android.build.gradle.internal.cxx.model.CxxVariantModel::getVariantName (5 bytes)
Event: 371.848 Thread 0x000001c54814edb0 nmethod 13707 0x000001c55f622390 code [0x000001c55f622520, 0x000001c55f6225f0]
Event: 371.875 Thread 0x000001c57cdd1720 13708       3       org.gradle.api.internal.provider.ValidatingValueCollector::add (97 bytes)
Event: 371.876 Thread 0x000001c57cdd1720 nmethod 13708 0x000001c5503e6a90 code [0x000001c5503e6e00, 0x000001c5503e83c8]
Event: 371.880 Thread 0x000001c54814edb0 13709       3       java.lang.invoke.MethodHandleNatives::refKindIsSetter (20 bytes)
Event: 371.881 Thread 0x000001c54814edb0 nmethod 13709 0x000001c5503e8b90 code [0x000001c5503e8d40, 0x000001c5503e9020]

GC Heap History (20 events):
Event: 312.781 GC heap before
{Heap before GC invocations=26 (full 0):
 garbage-first heap   total 118784K, used 95653K [0x0000000600000000, 0x0000000800000000)
  region size 4096K, 10 young (40960K), 2 survivors (8192K)
 Metaspace       used 70877K, committed 72896K, reserved 1114112K
  class space    used 10427K, committed 11392K, reserved 1048576K
}
Event: 312.786 GC heap after
{Heap after GC invocations=27 (full 0):
 garbage-first heap   total 118784K, used 68563K [0x0000000600000000, 0x0000000800000000)
  region size 4096K, 2 young (8192K), 2 survivors (8192K)
 Metaspace       used 70877K, committed 72896K, reserved 1114112K
  class space    used 10427K, committed 11392K, reserved 1048576K
}
Event: 313.651 GC heap before
{Heap before GC invocations=28 (full 0):
 garbage-first heap   total 122880K, used 97235K [0x0000000600000000, 0x0000000800000000)
  region size 4096K, 10 young (40960K), 2 survivors (8192K)
 Metaspace       used 72038K, committed 74048K, reserved 1114112K
  class space    used 10570K, committed 11520K, reserved 1048576K
}
Event: 313.657 GC heap after
{Heap after GC invocations=29 (full 0):
 garbage-first heap   total 122880K, used 74308K [0x0000000600000000, 0x0000000800000000)
  region size 4096K, 2 young (8192K), 2 survivors (8192K)
 Metaspace       used 72038K, committed 74048K, reserved 1114112K
  class space    used 10570K, committed 11520K, reserved 1048576K
}
Event: 332.503 GC heap before
{Heap before GC invocations=29 (full 0):
 garbage-first heap   total 122880K, used 98884K [0x0000000600000000, 0x0000000800000000)
  region size 4096K, 9 young (36864K), 2 survivors (8192K)
 Metaspace       used 72238K, committed 74240K, reserved 1114112K
  class space    used 10591K, committed 11584K, reserved 1048576K
}
Event: 332.526 GC heap after
{Heap after GC invocations=30 (full 0):
 garbage-first heap   total 126976K, used 80560K [0x0000000600000000, 0x0000000800000000)
  region size 4096K, 2 young (8192K), 2 survivors (8192K)
 Metaspace       used 72238K, committed 74240K, reserved 1114112K
  class space    used 10591K, committed 11584K, reserved 1048576K
}
Event: 334.045 GC heap before
{Heap before GC invocations=30 (full 0):
 garbage-first heap   total 126976K, used 101040K [0x0000000600000000, 0x0000000800000000)
  region size 4096K, 8 young (32768K), 2 survivors (8192K)
 Metaspace       used 73817K, committed 75840K, reserved 1114112K
  class space    used 10797K, committed 11776K, reserved 1048576K
}
Event: 334.061 GC heap after
{Heap after GC invocations=31 (full 0):
 garbage-first heap   total 126976K, used 82313K [0x0000000600000000, 0x0000000800000000)
  region size 4096K, 1 young (4096K), 1 survivors (4096K)
 Metaspace       used 73817K, committed 75840K, reserved 1114112K
  class space    used 10797K, committed 11776K, reserved 1048576K
}
Event: 335.506 GC heap before
{Heap before GC invocations=32 (full 0):
 garbage-first heap   total 143360K, used 102793K [0x0000000600000000, 0x0000000800000000)
  region size 4096K, 7 young (28672K), 1 survivors (4096K)
 Metaspace       used 76216K, committed 78336K, reserved 1179648K
  class space    used 11058K, committed 12096K, reserved 1048576K
}
Event: 335.526 GC heap after
{Heap after GC invocations=33 (full 0):
 garbage-first heap   total 143360K, used 82981K [0x0000000600000000, 0x0000000800000000)
  region size 4096K, 1 young (4096K), 1 survivors (4096K)
 Metaspace       used 76216K, committed 78336K, reserved 1179648K
  class space    used 11058K, committed 12096K, reserved 1048576K
}
Event: 337.110 GC heap before
{Heap before GC invocations=33 (full 0):
 garbage-first heap   total 143360K, used 115749K [0x0000000600000000, 0x0000000800000000)
  region size 4096K, 10 young (40960K), 1 survivors (4096K)
 Metaspace       used 80596K, committed 82752K, reserved 1179648K
  class space    used 11521K, committed 12608K, reserved 1048576K
}
Event: 337.134 GC heap after
{Heap after GC invocations=34 (full 0):
 garbage-first heap   total 192512K, used 83786K [0x0000000600000000, 0x0000000800000000)
  region size 4096K, 1 young (4096K), 1 survivors (4096K)
 Metaspace       used 80596K, committed 82752K, reserved 1179648K
  class space    used 11521K, committed 12608K, reserved 1048576K
}
Event: 352.307 GC heap before
{Heap before GC invocations=34 (full 0):
 garbage-first heap   total 192512K, used 165706K [0x0000000600000000, 0x0000000800000000)
  region size 4096K, 22 young (90112K), 1 survivors (4096K)
 Metaspace       used 85052K, committed 87296K, reserved 1179648K
  class space    used 12101K, committed 13184K, reserved 1048576K
}
Event: 352.321 GC heap after
{Heap after GC invocations=35 (full 0):
 garbage-first heap   total 192512K, used 92185K [0x0000000600000000, 0x0000000800000000)
  region size 4096K, 3 young (12288K), 3 survivors (12288K)
 Metaspace       used 85052K, committed 87296K, reserved 1179648K
  class space    used 12101K, committed 13184K, reserved 1048576K
}
Event: 359.307 GC heap before
{Heap before GC invocations=36 (full 0):
 garbage-first heap   total 192512K, used 165913K [0x0000000600000000, 0x0000000800000000)
  region size 4096K, 22 young (90112K), 3 survivors (12288K)
 Metaspace       used 90369K, committed 92544K, reserved 1179648K
  class space    used 12879K, committed 13952K, reserved 1048576K
}
Event: 359.330 GC heap after
{Heap after GC invocations=37 (full 0):
 garbage-first heap   total 192512K, used 98287K [0x0000000600000000, 0x0000000800000000)
  region size 4096K, 2 young (8192K), 2 survivors (8192K)
 Metaspace       used 90369K, committed 92544K, reserved 1179648K
  class space    used 12879K, committed 13952K, reserved 1048576K
}
Event: 368.704 GC heap before
{Heap before GC invocations=37 (full 0):
 garbage-first heap   total 192512K, used 167919K [0x0000000600000000, 0x0000000800000000)
  region size 4096K, 19 young (77824K), 2 survivors (8192K)
 Metaspace       used 93823K, committed 96064K, reserved 1179648K
  class space    used 13348K, committed 14464K, reserved 1048576K
}
Event: 368.716 GC heap after
{Heap after GC invocations=38 (full 0):
 garbage-first heap   total 192512K, used 101089K [0x0000000600000000, 0x0000000800000000)
  region size 4096K, 3 young (12288K), 3 survivors (12288K)
 Metaspace       used 93823K, committed 96064K, reserved 1179648K
  class space    used 13348K, committed 14464K, reserved 1048576K
}
Event: 371.095 GC heap before
{Heap before GC invocations=38 (full 0):
 garbage-first heap   total 192512K, used 170721K [0x0000000600000000, 0x0000000800000000)
  region size 4096K, 20 young (81920K), 3 survivors (12288K)
 Metaspace       used 99430K, committed 101696K, reserved 1179648K
  class space    used 14283K, committed 15424K, reserved 1048576K
}
Event: 371.106 GC heap after
{Heap after GC invocations=39 (full 0):
 garbage-first heap   total 192512K, used 102425K [0x0000000600000000, 0x0000000800000000)
  region size 4096K, 2 young (8192K), 2 survivors (8192K)
 Metaspace       used 99430K, committed 101696K, reserved 1179648K
  class space    used 14283K, committed 15424K, reserved 1048576K
}

Dll operation events (20 events):
Event: 0.064 Attempting to load shared library C:\Users\AJI\.vscode\extensions\redhat.java-1.56.0-win32-x64\jre\21.0.12.1-win32-x86_64\bin\nio.dll
Event: 0.065 Loaded shared library C:\Users\AJI\.vscode\extensions\redhat.java-1.56.0-win32-x64\jre\21.0.12.1-win32-x86_64\bin\nio.dll
Event: 0.067 Attempting to load shared library C:\Users\AJI\.vscode\extensions\redhat.java-1.56.0-win32-x64\jre\21.0.12.1-win32-x86_64\bin\zip.dll
Event: 0.067 Loaded shared library C:\Users\AJI\.vscode\extensions\redhat.java-1.56.0-win32-x64\jre\21.0.12.1-win32-x86_64\bin\zip.dll
Event: 0.243 Attempting to load shared library C:\Users\AJI\.vscode\extensions\redhat.java-1.56.0-win32-x64\jre\21.0.12.1-win32-x86_64\bin\jimage.dll
Event: 0.243 Loaded shared library C:\Users\AJI\.vscode\extensions\redhat.java-1.56.0-win32-x64\jre\21.0.12.1-win32-x86_64\bin\jimage.dll
Event: 0.363 Attempting to load shared library C:\Users\AJI\.vscode\extensions\redhat.java-1.56.0-win32-x64\jre\21.0.12.1-win32-x86_64\bin\verify.dll
Event: 0.363 Loaded shared library C:\Users\AJI\.vscode\extensions\redhat.java-1.56.0-win32-x64\jre\21.0.12.1-win32-x86_64\bin\verify.dll
Event: 0.387 Attempting to load shared library C:\Users\AJI\.gradle\native\1def1411415f61bf3af743bc5b6707747c0891f09f0c88961ee8f79bc544acac\windows-amd64\native-platform.dll
Event: 0.388 Loaded shared library C:\Users\AJI\.gradle\native\1def1411415f61bf3af743bc5b6707747c0891f09f0c88961ee8f79bc544acac\windows-amd64\native-platform.dll
Event: 0.396 Attempting to load shared library C:\Users\AJI\.gradle\native\0.2.8\x86_64-windows-gnu\gradle-fileevents.dll
Event: 0.396 Loaded shared library C:\Users\AJI\.gradle\native\0.2.8\x86_64-windows-gnu\gradle-fileevents.dll
Event: 1.259 Attempting to load shared library C:\Users\AJI\.vscode\extensions\redhat.java-1.56.0-win32-x64\jre\21.0.12.1-win32-x86_64\bin\management.dll
Event: 1.259 Loaded shared library C:\Users\AJI\.vscode\extensions\redhat.java-1.56.0-win32-x64\jre\21.0.12.1-win32-x86_64\bin\management.dll
Event: 1.260 Attempting to load shared library C:\Users\AJI\.vscode\extensions\redhat.java-1.56.0-win32-x64\jre\21.0.12.1-win32-x86_64\bin\management_ext.dll
Event: 1.261 Loaded shared library C:\Users\AJI\.vscode\extensions\redhat.java-1.56.0-win32-x64\jre\21.0.12.1-win32-x86_64\bin\management_ext.dll
Event: 1.367 Attempting to load shared library C:\Users\AJI\.vscode\extensions\redhat.java-1.56.0-win32-x64\jre\21.0.12.1-win32-x86_64\bin\extnet.dll
Event: 1.367 Loaded shared library C:\Users\AJI\.vscode\extensions\redhat.java-1.56.0-win32-x64\jre\21.0.12.1-win32-x86_64\bin\extnet.dll
Event: 1.529 Attempting to load shared library C:\Users\AJI\.vscode\extensions\redhat.java-1.56.0-win32-x64\jre\21.0.12.1-win32-x86_64\bin\sunmscapi.dll
Event: 1.530 Loaded shared library C:\Users\AJI\.vscode\extensions\redhat.java-1.56.0-win32-x64\jre\21.0.12.1-win32-x86_64\bin\sunmscapi.dll

Deoptimization events (20 events):
Event: 371.117 Thread 0x000001c57eaa1f30 Uncommon trap: trap_request=0xffffff45 fr.pc=0x000001c55f7140e8 relative=0x0000000000000288
Event: 371.117 Thread 0x000001c57eaa1f30 Uncommon trap: reason=unstable_if action=reinterpret pc=0x000001c55f7140e8 method=java.io.WinNTFileSystem.prefixLength(Ljava/lang/String;)I @ 11 c2
Event: 371.117 Thread 0x000001c57eaa1f30 DEOPT PACKING pc=0x000001c55f7140e8 sp=0x0000008f73cf54e0
Event: 371.117 Thread 0x000001c57eaa1f30 DEOPT UNPACKING pc=0x000001c55ea54422 sp=0x0000008f73cf5480 mode 2
Event: 371.572 Thread 0x000001c57eaa1f30 DEOPT PACKING pc=0x000001c54eea5227 sp=0x0000008f73cf5610
Event: 371.572 Thread 0x000001c57eaa1f30 DEOPT UNPACKING pc=0x000001c55ea54bc2 sp=0x0000008f73cf4af8 mode 0
Event: 371.645 Thread 0x000001c57eaa1f30 DEOPT PACKING pc=0x000001c54eea5227 sp=0x0000008f73cf5700
Event: 371.645 Thread 0x000001c57eaa1f30 DEOPT UNPACKING pc=0x000001c55ea54bc2 sp=0x0000008f73cf4bd8 mode 0
Event: 371.655 Thread 0x000001c57eaa1f30 DEOPT PACKING pc=0x000001c54f230349 sp=0x0000008f73cf5460
Event: 371.655 Thread 0x000001c57eaa1f30 DEOPT UNPACKING pc=0x000001c55ea54bc2 sp=0x0000008f73cf4960 mode 0
Event: 371.728 Thread 0x000001c57eaa1f30 DEOPT PACKING pc=0x000001c54eea5227 sp=0x0000008f73cf5700
Event: 371.728 Thread 0x000001c57eaa1f30 DEOPT UNPACKING pc=0x000001c55ea54bc2 sp=0x0000008f73cf4bd8 mode 0
Event: 371.756 Thread 0x000001c57eaa1f30 DEOPT PACKING pc=0x000001c54eea5227 sp=0x0000008f73cf5620
Event: 371.756 Thread 0x000001c57eaa1f30 DEOPT UNPACKING pc=0x000001c55ea54bc2 sp=0x0000008f73cf4af8 mode 0
Event: 371.778 Thread 0x000001c57eaa1f30 DEOPT PACKING pc=0x000001c54eea5227 sp=0x0000008f73cf5650
Event: 371.779 Thread 0x000001c57eaa1f30 DEOPT UNPACKING pc=0x000001c55ea54bc2 sp=0x0000008f73cf4b28 mode 0
Event: 371.793 Thread 0x000001c57eaa1f30 Uncommon trap: trap_request=0xffffff45 fr.pc=0x000001c55f196c88 relative=0x00000000000003a8
Event: 371.793 Thread 0x000001c57eaa1f30 Uncommon trap: reason=unstable_if action=reinterpret pc=0x000001c55f196c88 method=java.lang.StringLatin1.toLowerCase(Ljava/lang/String;[BLjava/util/Locale;)Ljava/lang/String; @ 43 c2
Event: 371.793 Thread 0x000001c57eaa1f30 DEOPT PACKING pc=0x000001c55f196c88 sp=0x0000008f73cf5780
Event: 371.793 Thread 0x000001c57eaa1f30 DEOPT UNPACKING pc=0x000001c55ea54422 sp=0x0000008f73cf55b8 mode 2

Classes loaded (20 events):
Event: 339.970 Loading class org/xml/sax/Locator
Event: 339.970 Loading class org/xml/sax/Locator done
Event: 339.970 Loading class org/xml/sax/SAXParseException
Event: 339.971 Loading class org/xml/sax/SAXParseException done
Event: 339.999 Loading class org/xml/sax/Attributes
Event: 339.999 Loading class org/xml/sax/Attributes done
Event: 360.023 Loading class java/util/AbstractList$ListItr
Event: 360.024 Loading class java/util/AbstractList$ListItr done
Event: 370.773 Loading class java/net/Proxy
Event: 370.773 Loading class java/net/Proxy done
Event: 370.773 Loading class java/net/Proxy$Type
Event: 370.773 Loading class java/net/Proxy$Type done
Event: 370.908 Loading class java/io/FileReader
Event: 370.908 Loading class java/io/FileReader done
Event: 370.986 Loading class java/util/Currency
Event: 370.991 Loading class java/util/Currency done
Event: 371.073 Loading class jdk/internal/vm/annotation/ForceInline
Event: 371.074 Loading class jdk/internal/vm/annotation/ForceInline done
Event: 371.178 Loading class sun/reflect/generics/repository/FieldRepository
Event: 371.178 Loading class sun/reflect/generics/repository/FieldRepository done

Classes unloaded (1 events):
Event: 134.682 Thread 0x000001c579d69c60 Unloading class 0x000001c501794400 'java/lang/invoke/LambdaForm$DMH+0x000001c501794400'

Classes redefined (0 events):
No events

Internal exceptions (20 events):
Event: 354.104 Thread 0x000001c57eaa1f30 Exception <a 'java/lang/NoSuchMethodError'{0x0000000609afb348}: static Lorg/jetbrains/kotlin/gradle/plugin/statistics/MetricContainer;.<clinit>()V> (0x0000000609afb348) 
thrown [s\src\hotspot\share\prims\jni.cpp, line 1111]
Event: 356.773 Thread 0x000001c57eaa1f30 Implicit null exception at 0x000001c55f7980aa to 0x000001c55f798968
Event: 358.582 Thread 0x000001c57eaa1f30 Exception <a 'java/lang/ClassNotFoundException'{0x00000006076918d8}: org/jetbrains/kotlin/gradle/targets/js/npm/DefaultNpmDependencyExtensionBeanInfo> (0x00000006076918d8) 
thrown [s\src\hotspot\share\classfile\systemDictionary.cpp, line 313]
Event: 358.583 Thread 0x000001c57eaa1f30 Exception <a 'java/lang/ClassNotFoundException'{0x000000060769d950}: org/jetbrains/kotlin/gradle/targets/js/npm/DefaultNpmDependencyExtensionCustomizer> (0x000000060769d950) 
thrown [s\src\hotspot\share\classfile\systemDictionary.cpp, line 313]
Event: 358.761 Thread 0x000001c57eaa1f30 Exception <a 'java/lang/ClassNotFoundException'{0x0000000607712f58}: org/jetbrains/kotlin/gradle/targets/js/npm/NpmDependencyExtensionKt$defaultNpmDependencyDelegate$1BeanInfo> (0x0000000607712f58) 
thrown [s\src\hotspot\share\classfile\systemDictionary.cpp, line 313]
Event: 358.763 Thread 0x000001c57eaa1f30 Exception <a 'java/lang/ClassNotFoundException'{0x000000060771f018}: org/jetbrains/kotlin/gradle/targets/js/npm/NpmDependencyExtensionDelegateBeanInfo> (0x000000060771f018) 
thrown [s\src\hotspot\share\classfile\systemDictionary.cpp, line 313]
Event: 358.765 Thread 0x000001c57eaa1f30 Exception <a 'java/lang/ClassNotFoundException'{0x000000060772b0a0}: org/jetbrains/kotlin/gradle/targets/js/npm/NpmDependencyExtensionDelegateCustomizer> (0x000000060772b0a0) 
thrown [s\src\hotspot\share\classfile\systemDictionary.cpp, line 313]
Event: 358.770 Thread 0x000001c57eaa1f30 Exception <a 'java/lang/ClassNotFoundException'{0x0000000607763fb8}: org/jetbrains/kotlin/gradle/targets/js/npm/NpmDependencyExtensionKt$defaultNpmDependencyDelegate$1Customizer> (0x0000000607763fb8) 
thrown [s\src\hotspot\share\classfile\systemDictionary.cpp, line 313]
Event: 358.781 Thread 0x000001c57eaa1f30 Exception <a 'java/lang/ClassNotFoundException'{0x00000006077992e8}: org/jetbrains/kotlin/gradle/targets/js/npm/DefaultDevNpmDependencyExtensionBeanInfo> (0x00000006077992e8) 
thrown [s\src\hotspot\share\classfile\systemDictionary.cpp, line 313]
Event: 358.794 Thread 0x000001c57eaa1f30 Exception <a 'java/lang/ClassNotFoundException'{0x00000006077a5370}: org/jetbrains/kotlin/gradle/targets/js/npm/DefaultDevNpmDependencyExtensionCustomizer> (0x00000006077a5370) 
thrown [s\src\hotspot\share\classfile\systemDictionary.cpp, line 313]
Event: 358.814 Thread 0x000001c57eaa1f30 Exception <a 'java/lang/ClassNotFoundException'{0x00000006077e70e8}: org/jetbrains/kotlin/gradle/targets/js/npm/DefaultPeerNpmDependencyExtensionBeanInfo> (0x00000006077e70e8) 
thrown [s\src\hotspot\share\classfile\systemDictionary.cpp, line 313]
Event: 358.816 Thread 0x000001c57eaa1f30 Exception <a 'java/lang/ClassNotFoundException'{0x00000006077f31a8}: org/jetbrains/kotlin/gradle/targets/js/npm/DefaultPeerNpmDependencyExtensionCustomizer> (0x00000006077f31a8) 
thrown [s\src\hotspot\share\classfile\systemDictionary.cpp, line 313]
Event: 358.832 Thread 0x000001c57eaa1f30 Exception <a 'java/lang/ClassNotFoundException'{0x0000000607038e50}: org/jetbrains/kotlin/gradle/targets/js/npm/DefaultPeerNpmDependencyExtension$delegate$1BeanInfo> (0x0000000607038e50) 
thrown [s\src\hotspot\share\classfile\systemDictionary.cpp, line 313]
Event: 358.832 Thread 0x000001c57eaa1f30 Exception <a 'java/lang/ClassNotFoundException'{0x00000006070451f8}: org/jetbrains/kotlin/gradle/targets/js/npm/DefaultPeerNpmDependencyExtension$delegate$1Customizer> (0x00000006070451f8) 
thrown [s\src\hotspot\share\classfile\systemDictionary.cpp, line 313]
Event: 368.311 Thread 0x000001c57eaa1f30 Implicit null exception at 0x000001c55f7b9932 to 0x000001c55f7ba264
Event: 368.340 Thread 0x000001c57eaa1f30 Exception <a 'java/lang/NoSuchMethodError'{0x0000000608163448}: 'java.lang.Object java.lang.invoke.DirectMethodHandle$Holder.newInvokeSpecial(java.lang.Object, java.lang.Object, java.lang.Object, java.lang.Object, java.lang.Object, java.lang.Object, java.lang.Object, java.lang.Object, java.lang.Object, java.lang.Object, java.lang.Object, java.lang.Object, java.lang.Object, java.lang.Object)'> (0x0000000608163448) 
thrown [s\src\hotspot\share\interpreter\linkResolver.cpp, line 773]
Event: 370.148 Thread 0x000001c57eaa1f30 Implicit null exception at 0x000001c55f209d2a to 0x000001c55f20ba24
Event: 371.076 Thread 0x000001c57eaa1f30 Exception <a 'java/lang/NoSuchMethodError'{0x0000000607762be8}: 'void java.lang.invoke.Invokers$Holder.invokeExact_MT(java.lang.Object, java.lang.Object, java.lang.Object, java.lang.Object)'> (0x0000000607762be8) 
thrown [s\src\hotspot\share\interpreter\linkResolver.cpp, line 773]
Event: 371.179 Thread 0x000001c57eaa1f30 Exception <a 'java/lang/NoSuchMethodError'{0x00000007ffdc0098}: 'void java.lang.invoke.DelegatingMethodHandle$Holder.reinvoke_L(java.lang.Object, java.lang.Object, int)'> (0x00000007ffdc0098) 
thrown [s\src\hotspot\share\interpreter\linkResolver.cpp, line 773]
Event: 371.180 Thread 0x000001c57eaa1f30 Exception <a 'java/lang/NoSuchMethodError'{0x00000007ffdc7c70}: 'void java.lang.invoke.Invokers$Holder.invokeExact_MT(java.lang.Object, java.lang.Object, int, java.lang.Object)'> (0x00000007ffdc7c70) 
thrown [s\src\hotspot\share\interpreter\linkResolver.cpp, line 773]

ZGC Phase Switch (0 events):
No events

VM Operations (20 events):
Event: 366.790 Executing safepoint VM operation: Cleanup
Event: 366.790 Executing safepoint VM operation: Cleanup done
Event: 367.797 Executing safepoint VM operation: Cleanup
Event: 367.806 Executing safepoint VM operation: Cleanup done
Event: 368.704 Executing safepoint VM operation: G1CollectForAllocation (G1 Evacuation Pause)
Event: 368.717 Executing safepoint VM operation: G1CollectForAllocation (G1 Evacuation Pause) done
Event: 368.754 Executing non-safepoint VM operation: HandshakeAllThreads (Deoptimize)
Event: 368.755 Executing non-safepoint VM operation: HandshakeAllThreads (Deoptimize) done
Event: 369.764 Executing safepoint VM operation: Cleanup
Event: 369.779 Executing safepoint VM operation: Cleanup done
Event: 370.781 Executing safepoint VM operation: Cleanup
Event: 370.781 Executing safepoint VM operation: Cleanup done
Event: 370.911 Executing non-safepoint VM operation: HandshakeAllThreads (Deoptimize)
Event: 370.912 Executing non-safepoint VM operation: HandshakeAllThreads (Deoptimize) done
Event: 371.095 Executing safepoint VM operation: G1CollectForAllocation (G1 Evacuation Pause)
Event: 371.106 Executing safepoint VM operation: G1CollectForAllocation (G1 Evacuation Pause) done
Event: 371.194 Executing safepoint VM operation: G1PauseRemark
Event: 371.233 Executing safepoint VM operation: G1PauseRemark done
Event: 371.256 Executing safepoint VM operation: G1PauseCleanup
Event: 371.256 Executing safepoint VM operation: G1PauseCleanup done

Memory protections (0 events):
No events

Nmethod flushes (20 events):
Event: 371.229 Thread 0x000001c579d69c60 flushing  nmethod 0x000001c55f70d790
Event: 371.229 Thread 0x000001c579d69c60 flushing  nmethod 0x000001c54edb8d90
Event: 371.229 Thread 0x000001c579d69c60 flushing  nmethod 0x000001c54f48d690
Event: 371.229 Thread 0x000001c579d69c60 flushing  nmethod 0x000001c54f78ef90
Event: 371.229 Thread 0x000001c579d69c60 flushing  nmethod 0x000001c54fd54390
Event: 371.229 Thread 0x000001c579d69c60 flushing  nmethod 0x000001c55f2b5b90
Event: 371.229 Thread 0x000001c579d69c60 flushing  nmethod 0x000001c55f62a390
Event: 371.230 Thread 0x000001c579d69c60 flushing  nmethod 0x000001c54f5dea90
Event: 371.230 Thread 0x000001c579d69c60 flushing  nmethod 0x000001c54f90ed10
Event: 371.230 Thread 0x000001c579d69c60 flushing  nmethod 0x000001c54f910910
Event: 371.230 Thread 0x000001c579d69c60 flushing  nmethod 0x000001c54f910d90
Event: 371.230 Thread 0x000001c579d69c60 flushing  nmethod 0x000001c54f911690
Event: 371.230 Thread 0x000001c579d69c60 flushing  nmethod 0x000001c55f557390
Event: 371.230 Thread 0x000001c579d69c60 flushing  nmethod 0x000001c54efc7910
Event: 371.230 Thread 0x000001c579d69c60 flushing  nmethod 0x000001c54efc8590
Event: 371.230 Thread 0x000001c579d69c60 flushing  nmethod 0x000001c54f0caf10
Event: 371.230 Thread 0x000001c579d69c60 flushing  nmethod 0x000001c54f14e090
Event: 371.230 Thread 0x000001c579d69c60 flushing  nmethod 0x000001c54f970790
Event: 371.230 Thread 0x000001c579d69c60 flushing  nmethod 0x000001c550143410
Event: 371.230 Thread 0x000001c579d69c60 flushing  nmethod 0x000001c550144010

Events (20 events):
Event: 319.183 Thread 0x000001c57eaa18a0 Thread added: 0x000001c546bcefc0
Event: 319.184 Thread 0x000001c57eaa18a0 Thread added: 0x000001c546bcf650
Event: 319.185 Thread 0x000001c57eaa18a0 Thread added: 0x000001c546bce2a0
Event: 319.188 Thread 0x000001c57eaa18a0 Thread added: 0x000001c546bce930
Event: 319.188 Thread 0x000001c57eaa18a0 Thread added: 0x000001c546bcfce0
Event: 319.188 Thread 0x000001c57eaa18a0 Thread added: 0x000001c546bd0370
Event: 319.189 Thread 0x000001c57eaa18a0 Thread added: 0x000001c545698e40
Event: 319.189 Thread 0x000001c57eaa18a0 Thread added: 0x000001c54569bc30
Event: 326.667 Thread 0x000001c57eaa18a0 Thread added: 0x000001c5456994d0
Event: 326.682 Thread 0x000001c57eaa18a0 Thread added: 0x000001c54569b5a0
Event: 326.683 Thread 0x000001c57eaa18a0 Thread added: 0x000001c54569c950
Event: 326.694 Thread 0x000001c57eaa18a0 Thread added: 0x000001c54569c2c0
Event: 326.695 Thread 0x000001c57eaa18a0 Thread added: 0x000001c54569cfe0
Event: 326.695 Thread 0x000001c57eaa18a0 Thread added: 0x000001c545699b60
Event: 326.695 Thread 0x000001c57eaa18a0 Thread added: 0x000001c54569d670
Event: 326.696 Thread 0x000001c57eaa18a0 Thread added: 0x000001c54569a1f0
Event: 352.765 Thread 0x000001c57eaa1f30 Thread added: 0x000001c54569dd00
Event: 354.179 Thread 0x000001c57eaa1f30 Thread added: 0x000001c54569af10
Event: 365.365 Thread 0x000001c5478010c0 Thread exited: 0x000001c5478010c0
Event: 370.122 Thread 0x000001c57cdd1720 Thread added: 0x000001c54814edb0


Dynamic libraries:
0x00007ff735c60000 - 0x00007ff735c6e000 	C:\Users\AJI\.vscode\extensions\redhat.java-1.56.0-win32-x64\jre\21.0.12.1-win32-x86_64\bin\java.exe
0x00007ffaa9a20000 - 0x00007ffaa9c87000 	C:\WINDOWS\SYSTEM32\ntdll.dll
0x00007ffaa7cd0000 - 0x00007ffaa7d9b000 	C:\WINDOWS\System32\KERNEL32.DLL
0x00007ffaa71b0000 - 0x00007ffaa75b2000 	C:\WINDOWS\System32\KERNELBASE.dll
0x00007ffaa7050000 - 0x00007ffaa719c000 	C:\WINDOWS\System32\ucrtbase.dll
0x00007ffa76fd0000 - 0x00007ffa76fee000 	C:\Users\AJI\.vscode\extensions\redhat.java-1.56.0-win32-x64\jre\21.0.12.1-win32-x86_64\bin\VCRUNTIME140.dll
0x00007ffa5b940000 - 0x00007ffa5b958000 	C:\Users\AJI\.vscode\extensions\redhat.java-1.56.0-win32-x64\jre\21.0.12.1-win32-x86_64\bin\jli.dll
0x00007ffaa7da0000 - 0x00007ffaa7f6f000 	C:\WINDOWS\System32\USER32.dll
0x00007ffaa6e90000 - 0x00007ffaa6eb7000 	C:\WINDOWS\System32\win32u.dll
0x00007ffa85610000 - 0x00007ffa858a0000 	C:\WINDOWS\WinSxS\amd64_microsoft.windows.common-controls_6595b64144ccf1df_6.0.26100.9278_none_3e0d1ba8e3303201\COMCTL32.dll
0x00007ffaa7740000 - 0x00007ffaa776b000 	C:\WINDOWS\System32\GDI32.dll
0x00007ffaa8760000 - 0x00007ffaa8809000 	C:\WINDOWS\System32\msvcrt.dll
0x00007ffaa6cd0000 - 0x00007ffaa6df9000 	C:\WINDOWS\System32\gdi32full.dll
0x00007ffaa6c20000 - 0x00007ffaa6cc3000 	C:\WINDOWS\System32\msvcp_win.dll
0x00007ffaa9250000 - 0x00007ffaa9281000 	C:\WINDOWS\System32\IMM32.DLL
0x00007ffa8fa10000 - 0x00007ffa8fa1c000 	C:\Users\AJI\.vscode\extensions\redhat.java-1.56.0-win32-x64\jre\21.0.12.1-win32-x86_64\bin\vcruntime140_1.dll
0x00007ff9ae9a0000 - 0x00007ff9aea2d000 	C:\Users\AJI\.vscode\extensions\redhat.java-1.56.0-win32-x64\jre\21.0.12.1-win32-x86_64\bin\msvcp140.dll
0x00007ff96c320000 - 0x00007ff96d0c2000 	C:\Users\AJI\.vscode\extensions\redhat.java-1.56.0-win32-x64\jre\21.0.12.1-win32-x86_64\bin\server\jvm.dll
0x00007ffaa8fb0000 - 0x00007ffaa906c000 	C:\WINDOWS\System32\ADVAPI32.dll
0x00007ffaa7b90000 - 0x00007ffaa7c39000 	C:\WINDOWS\System32\sechost.dll
0x00007ffaa80d0000 - 0x00007ffaa81e8000 	C:\WINDOWS\System32\RPCRT4.dll
0x00007ffaa7c40000 - 0x00007ffaa7cc0000 	C:\WINDOWS\System32\WS2_32.dll
0x00007ffaa6a80000 - 0x00007ffaa6ade000 	C:\WINDOWS\SYSTEM32\POWRPROF.dll
0x00007ffaa0960000 - 0x00007ffaa0996000 	C:\WINDOWS\SYSTEM32\WINMM.dll
0x00007ffa9deb0000 - 0x00007ffa9debb000 	C:\WINDOWS\SYSTEM32\VERSION.dll
0x00007ffaa6a60000 - 0x00007ffaa6a75000 	C:\WINDOWS\SYSTEM32\UMPDC.dll
0x00007ffaa5400000 - 0x00007ffaa541b000 	C:\WINDOWS\SYSTEM32\kernel.appcore.dll
0x00007ffa8f9e0000 - 0x00007ffa8f9ea000 	C:\Users\AJI\.vscode\extensions\redhat.java-1.56.0-win32-x64\jre\21.0.12.1-win32-x86_64\bin\jimage.dll
0x00007ffaa3d10000 - 0x00007ffaa3f5c000 	C:\WINDOWS\SYSTEM32\DBGHELP.DLL
0x00007ffaa9320000 - 0x00007ffaa96a5000 	C:\WINDOWS\System32\combase.dll
0x00007ffaa81f0000 - 0x00007ffaa82c9000 	C:\WINDOWS\System32\OLEAUT32.dll
0x00007ffa84dc0000 - 0x00007ffa84dfb000 	C:\WINDOWS\SYSTEM32\dbgcore.DLL
0x00007ffaa75c0000 - 0x00007ffaa766c000 	C:\WINDOWS\System32\bcryptPrimitives.dll
0x00007ffa80050000 - 0x00007ffa8005f000 	C:\Users\AJI\.vscode\extensions\redhat.java-1.56.0-win32-x64\jre\21.0.12.1-win32-x86_64\bin\instrument.dll
0x00007ffa56a30000 - 0x00007ffa56a50000 	C:\Users\AJI\.vscode\extensions\redhat.java-1.56.0-win32-x64\jre\21.0.12.1-win32-x86_64\bin\java.dll
0x00007ffaa8810000 - 0x00007ffaa8fa8000 	C:\WINDOWS\System32\SHELL32.dll
0x00007ffaa4150000 - 0x00007ffaa49fe000 	C:\WINDOWS\SYSTEM32\windows.storage.dll
0x00007ffaa96b0000 - 0x00007ffaa97ab000 	C:\WINDOWS\System32\SHCORE.dll
0x00007ffaa7a10000 - 0x00007ffaa7a76000 	C:\WINDOWS\System32\shlwapi.dll
0x00007ffaa6b40000 - 0x00007ffaa6b69000 	C:\WINDOWS\SYSTEM32\profapi.dll
0x00007ffa554d0000 - 0x00007ffa554e8000 	C:\Users\AJI\.vscode\extensions\redhat.java-1.56.0-win32-x64\jre\21.0.12.1-win32-x86_64\bin\zip.dll
0x00007ffa813d0000 - 0x00007ffa813e0000 	C:\Users\AJI\.vscode\extensions\redhat.java-1.56.0-win32-x64\jre\21.0.12.1-win32-x86_64\bin\net.dll
0x00007ffa9f270000 - 0x00007ffa9f39a000 	C:\WINDOWS\SYSTEM32\WINHTTP.dll
0x00007ffaa59c0000 - 0x00007ffaa5a2c000 	C:\WINDOWS\system32\mswsock.dll
0x00007ffa554b0000 - 0x00007ffa554c6000 	C:\Users\AJI\.vscode\extensions\redhat.java-1.56.0-win32-x64\jre\21.0.12.1-win32-x86_64\bin\nio.dll
0x00007ffa7fae0000 - 0x00007ffa7faf0000 	C:\Users\AJI\.vscode\extensions\redhat.java-1.56.0-win32-x64\jre\21.0.12.1-win32-x86_64\bin\verify.dll
0x00007ffa399a0000 - 0x00007ffa399c7000 	C:\Users\AJI\.gradle\native\1def1411415f61bf3af743bc5b6707747c0891f09f0c88961ee8f79bc544acac\windows-amd64\native-platform.dll
0x00007ff9bbe60000 - 0x00007ff9bbed7000 	C:\Users\AJI\.gradle\native\0.2.8\x86_64-windows-gnu\gradle-fileevents.dll
0x00007ffa7eee0000 - 0x00007ffa7eeea000 	C:\Users\AJI\.vscode\extensions\redhat.java-1.56.0-win32-x64\jre\21.0.12.1-win32-x86_64\bin\management.dll
0x00007ffa77400000 - 0x00007ffa7740c000 	C:\Users\AJI\.vscode\extensions\redhat.java-1.56.0-win32-x64\jre\21.0.12.1-win32-x86_64\bin\management_ext.dll
0x00007ffaa7b80000 - 0x00007ffaa7b88000 	C:\WINDOWS\System32\PSAPI.DLL
0x00007ffaa4ee0000 - 0x00007ffaa4f13000 	C:\WINDOWS\SYSTEM32\IPHLPAPI.DLL
0x00007ffaa80c0000 - 0x00007ffaa80ca000 	C:\WINDOWS\System32\NSI.dll
0x00007ffa74220000 - 0x00007ffa74229000 	C:\Users\AJI\.vscode\extensions\redhat.java-1.56.0-win32-x64\jre\21.0.12.1-win32-x86_64\bin\extnet.dll
0x00007ffaa5cb0000 - 0x00007ffaa5ccb000 	C:\WINDOWS\SYSTEM32\CRYPTSP.dll
0x00007ffaa5360000 - 0x00007ffaa5399000 	C:\WINDOWS\system32\rsaenh.dll
0x00007ffaa5a70000 - 0x00007ffaa5aa4000 	C:\WINDOWS\SYSTEM32\USERENV.dll
0x00007ffaa6b10000 - 0x00007ffaa6b3a000 	C:\WINDOWS\SYSTEM32\bcrypt.dll
0x00007ffaa5cd0000 - 0x00007ffaa5cdc000 	C:\WINDOWS\SYSTEM32\CRYPTBASE.dll
0x00007ffa73220000 - 0x00007ffa7322e000 	C:\Users\AJI\.vscode\extensions\redhat.java-1.56.0-win32-x64\jre\21.0.12.1-win32-x86_64\bin\sunmscapi.dll
0x00007ffaa6ec0000 - 0x00007ffaa703e000 	C:\WINDOWS\System32\CRYPT32.dll
0x00007ffaa5ea0000 - 0x00007ffaa5ed0000 	C:\WINDOWS\SYSTEM32\ncrypt.dll
0x00007ffaa5e50000 - 0x00007ffaa5e8f000 	C:\WINDOWS\SYSTEM32\NTASN1.dll
0x00007ffa7c400000 - 0x00007ffa7c408000 	C:\WINDOWS\system32\wshunix.dll

JVMTI agents:
C:\Users\AJI\.gradle\wrapper\dists\gradle-9.1.0-all\7wzd0jkjit61aq2p43wpjgij9\gradle-9.1.0\lib\agents\gradle-instrumentation-agent-9.1.0.jar path:C:\Users\AJI\.vscode\extensions\redhat.java-1.56.0-win32-x64\jre\21.0.12.1-win32-x86_64\bin\instrument.dll, loaded, initialized, instrumentlib options:none

dbghelp: loaded successfully - version: 4.0.5 - missing functions: none
symbol engine: initialized successfully - sym options: 0x614 - pdb path: .;C:\Users\AJI\.vscode\extensions\redhat.java-1.56.0-win32-x64\jre\21.0.12.1-win32-x86_64\bin;C:\WINDOWS\SYSTEM32;C:\WINDOWS\WinSxS\amd64_microsoft.windows.common-controls_6595b64144ccf1df_6.0.26100.9278_none_3e0d1ba8e3303201;C:\Users\AJI\.vscode\extensions\redhat.java-1.56.0-win32-x64\jre\21.0.12.1-win32-x86_64\bin\server;C:\Users\AJI\.gradle\native\1def1411415f61bf3af743bc5b6707747c0891f09f0c88961ee8f79bc544acac\windows-amd64;C:\Users\AJI\.gradle\native\0.2.8\x86_64-windows-gnu

VM Arguments:
jvm_args: --add-opens=java.base/java.lang=ALL-UNNAMED --add-opens=java.base/java.lang.invoke=ALL-UNNAMED --add-opens=java.base/java.util=ALL-UNNAMED --add-opens=java.prefs/java.util.prefs=ALL-UNNAMED --add-exports=jdk.compiler/com.sun.tools.javac.api=ALL-UNNAMED --add-exports=jdk.compiler/com.sun.tools.javac.util=ALL-UNNAMED --add-opens=java.base/java.util=ALL-UNNAMED --add-opens=java.prefs/java.util.prefs=ALL-UNNAMED --add-opens=java.base/java.nio.charset=ALL-UNNAMED --add-opens=java.base/java.net=ALL-UNNAMED --add-opens=java.base/java.util.concurrent=ALL-UNNAMED --add-opens=java.base/java.util.concurrent.atomic=ALL-UNNAMED --add-opens=java.xml/javax.xml.namespace=ALL-UNNAMED --add-opens=java.base/java.time=ALL-UNNAMED -XX:MaxMetaspaceSize=4G -XX:ReservedCodeCacheSize=512m -XX:+HeapDumpOnOutOfMemoryError -Xmx8G -Dfile.encoding=UTF-8 -Duser.country=IN -Duser.language=en -Duser.variant -javaagent:C:\Users\AJI\.gradle\wrapper\dists\gradle-9.1.0-all\7wzd0jkjit61aq2p43wpjgij9\gradle-9.1.0\lib\agents\gradle-instrumentation-agent-9.1.0.jar 
java_command: org.gradle.launcher.daemon.bootstrap.GradleDaemon 9.1.0
java_class_path (initial): C:\Users\AJI\.gradle\wrapper\dists\gradle-9.1.0-all\7wzd0jkjit61aq2p43wpjgij9\gradle-9.1.0\lib\gradle-daemon-main-9.1.0.jar
Launcher Type: SUN_STANDARD

[Global flags]
     intx CICompilerCount                          = 12                                        {product} {ergonomic}
     uint ConcGCThreads                            = 4                                         {product} {ergonomic}
     uint G1ConcRefinementThreads                  = 15                                        {product} {ergonomic}
   size_t G1HeapRegionSize                         = 4194304                                   {product} {ergonomic}
    uintx GCDrainStackTargetSize                   = 64                                        {product} {ergonomic}
     bool HeapDumpOnOutOfMemoryError               = true                                   {manageable} {command line}
   size_t InitialHeapSize                          = 264241152                                 {product} {ergonomic}
   size_t MarkStackSize                            = 4194304                                   {product} {ergonomic}
   size_t MaxHeapSize                              = 8589934592                                {product} {command line}
   size_t MaxMetaspaceSize                         = 4294967296                                {product} {command line}
   size_t MaxNewSize                               = 5150605312                                {product} {ergonomic}
   size_t MinHeapDeltaBytes                        = 4194304                                   {product} {ergonomic}
   size_t MinHeapSize                              = 8388608                                   {product} {ergonomic}
    uintx NonNMethodCodeHeapSize                   = 7602480                                {pd product} {ergonomic}
    uintx NonProfiledCodeHeapSize                  = 264634216                              {pd product} {ergonomic}
    uintx ProfiledCodeHeapSize                     = 264634216                              {pd product} {ergonomic}
    uintx ReservedCodeCacheSize                    = 536870912                              {pd product} {command line}
     bool SegmentedCodeCache                       = true                                      {product} {ergonomic}
   size_t SoftMaxHeapSize                          = 8589934592                             {manageable} {ergonomic}
     bool UseCompressedOops                        = true                           {product lp64_product} {ergonomic}
     bool UseG1GC                                  = true                                      {product} {ergonomic}
     bool UseLargePagesIndividualAllocation        = false                                  {pd product} {ergonomic}

Logging:
Log output configuration:
 #0: stdout all=warning uptime,level,tags foldmultilines=false
 #1: stderr all=off uptime,level,tags foldmultilines=false

Release file:
JAVA_VERSION="21.0.12.1" 
MODULES="java.base java.compiler java.datatransfer java.xml java.prefs java.desktop java.instrument java.logging java.management java.security.sasl java.naming java.rmi java.management.rmi java.net.http java.scripting java.security.jgss java.transaction.xa java.sql java.sql.rowset java.xml.crypto java.se java.smartcardio jdk.accessibility jdk.internal.jvmstat jdk.attach jdk.charsets jdk.internal.opt jdk.zipfs jdk.compiler jdk.crypto.ec jdk.crypto.cryptoki jdk.crypto.mscapi jdk.dynalink jdk.internal.ed jdk.editpad jdk.hotspot.agent jdk.httpserver jdk.internal.le jdk.internal.vm.ci jdk.internal.vm.compiler jdk.internal.vm.compiler.management jdk.jartool jdk.javadoc jdk.jcmd jdk.management jdk.management.agent jdk.jconsole jdk.jdeps jdk.jdwp.agent jdk.jdi jdk.jfr jdk.jshell jdk.jsobject jdk.jstatd jdk.localedata jdk.management.jfr jdk.naming.dns jdk.naming.rmi jdk.net jdk.nio.mapmode jdk.random jdk.sctp jdk.security.auth jdk.security.jgss jdk.unsupported jdk.unsupported.desktop jdk.xml.dom" 

Environment Variables:
JAVA_HOME=C:\Program Files\Java\jdk-17
PATH=C:\Python314\Scripts\;C:\Python314\;C:\Program Files\Eclipse Adoptium\jdk-25.0.3.9-hotspot\bin;C:\Program Files\Microsoft\jdk-11.0.16.101-hotspot\bin;C:\WINDOWS\system32;C:\WINDOWS;C:\WINDOWS\System32\Wbem;C:\WINDOWS\System32\WindowsPowerShell\v1.0\;C:\WINDOWS\System32\OpenSSH\;C:\Program Files\dotnet\;C:\MinGW\bin;C:\ProgramData\chocolatey\bin;C:\Users\AJI\AppData\Local\Pub\Cache\bin;C:\Program Files\Java\jdk-17\bin;d:\cursor\resources\app\bin;C:\Users\AJI\develop\flutter\bin;C:\Users\AJI\.local\bin;D:\node\node_modules\npm\bin;D:\node\;C:\Program Files\nodejs\;C:\Program Files\nodejs\node_modules\npm\bin;C:\Users\AJI\Documents\MONGO\mongosh-2.9.2-win32-x64\bin;C:\xampp\php;C:\Program Files\Git\cmd;C:\Users\AJI\AppData\Local\Programs\Python\Python312\Scripts\;C:\Users\AJI\AppData\Local\Programs\Python\Python312\;C:\Users\AJI\.local\bin;C:\Users\AJI\AppData\Local\Microsoft\WindowsApps;D:\IntelliJ IDEA Community Edition 2023.1.5\bin;;C:\mingw64\bin;C:\Users\AJI\.dotnet\tools;C:\Users\AJI\Documents\flutter_windows_3.13.4-stable\flutter\bin;C:\Users\AJI\AppData\Local\Pub\Cache\bin;D:\flutter_pub_cache;C:\Users\AJI\AppData\Local\Android\Sdk;C:\Program Files\Java\jdk-17\bin;D:\rider\JetBrains Rider 2024.3.7\bin;;D:\Program Files\Microsoft VS Code\bin;D:\freelanceing\cursor\resources\app\bin;C:\Users\AJI\AppData\Local\Programs\Microsoft VS Code\bin;C:\Users\AJI\AppData\Local\Programs\cursor\resources\app\bin;C:\Users\AJI\AppData\Roaming\npm
USERNAME=AJI
OS=Windows_NT
PROCESSOR_IDENTIFIER=Intel64 Family 6 Model 154 Stepping 3, GenuineIntel
TMP=C:\Users\AJI\AppData\Local\Temp
TEMP=C:\Users\AJI\AppData\Local\Temp




Periodic native trim disabled

---------------  S Y S T E M  ---------------

OS:
 Windows 11 , 64 bit Build 26100 (10.0.26100.9444)
OS uptime: 0 days 4:09 hours
Hyper-V role detected

CPU: total 20 (initial active 20) (10 cores per cpu, 2 threads per core) family 6 model 154 stepping 3 microcode 0x43b, cx8, cmov, fxsr, ht, mmx, 3dnowpref, sse, sse2, sse3, ssse3, sse4.1, sse4.2, popcnt, lzcnt, tsc, tscinvbit, avx, avx2, aes, erms, clmul, bmi1, bmi2, adx, sha, fma, vzeroupper, clflush, clflushopt, clwb, hv, serialize, rdtscp, rdpid, fsrm, f16c, cet_ibt, cet_ss
Processor Information for processor 0
  Max Mhz: 2300, Current Mhz: 2300, Mhz Limit: 2300
Processor Information for processor 1
  Max Mhz: 2300, Current Mhz: 2300, Mhz Limit: 2300
Processor Information for processor 2
  Max Mhz: 2300, Current Mhz: 2300, Mhz Limit: 2300
Processor Information for processor 3
  Max Mhz: 2300, Current Mhz: 2300, Mhz Limit: 2300
Processor Information for processor 4
  Max Mhz: 2300, Current Mhz: 2300, Mhz Limit: 2300
Processor Information for processor 5
  Max Mhz: 2300, Current Mhz: 2300, Mhz Limit: 2300
Processor Information for processor 6
  Max Mhz: 2300, Current Mhz: 2300, Mhz Limit: 2300
Processor Information for processor 7
  Max Mhz: 2300, Current Mhz: 2300, Mhz Limit: 2300
Processor Information for processor 8
  Max Mhz: 2300, Current Mhz: 2300, Mhz Limit: 2300
Processor Information for processor 9
  Max Mhz: 2300, Current Mhz: 2300, Mhz Limit: 2300
Processor Information for processor 10
  Max Mhz: 2300, Current Mhz: 2300, Mhz Limit: 2300
Processor Information for processor 11
  Max Mhz: 2300, Current Mhz: 2300, Mhz Limit: 2300
Processor Information for processor 12
  Max Mhz: 2300, Current Mhz: 1488, Mhz Limit: 2300
Processor Information for processor 13
  Max Mhz: 2300, Current Mhz: 1488, Mhz Limit: 2300
Processor Information for processor 14
  Max Mhz: 2300, Current Mhz: 2300, Mhz Limit: 2300
Processor Information for processor 15
  Max Mhz: 2300, Current Mhz: 1488, Mhz Limit: 2300
Processor Information for processor 16
  Max Mhz: 2300, Current Mhz: 2300, Mhz Limit: 2300
Processor Information for processor 17
  Max Mhz: 2300, Current Mhz: 1488, Mhz Limit: 2300
Processor Information for processor 18
  Max Mhz: 2300, Current Mhz: 1488, Mhz Limit: 2300
Processor Information for processor 19
  Max Mhz: 2300, Current Mhz: 1488, Mhz Limit: 2300

Memory: 4k page, system-wide physical 16068M (148M free)
TotalPageFile size 65220M (AvailPageFile size 0M)
current process WorkingSet (physical memory assigned to process): 344M, peak: 344M
current process commit charge ("private bytes"): 542M, peak: 543M

vm_info: OpenJDK 64-Bit Server VM (21.0.12.1+1-LTS) for windows-amd64 JRE (21.0.12.1+1-LTS), built on 2026-08-18T00:00:00Z by "admin" with MS VC++ 17.12 (VS2022)

END.
