#
# There is insufficient memory for the Java Runtime Environment to continue.
# Native memory allocation (malloc) failed to allocate 32744 bytes. Error detail: Chunk::new
# Possible reasons:
#   The system is out of physical RAM or swap space
#   This process is running with CompressedOops enabled, and the Java Heap may be blocking the growth of the native heap
# Possible solutions:
#   Reduce memory load on the system
#   Increase physical memory or swap space
#   Check if swap backing store is full
#   Decrease Java heap size (-Xmx/-Xms)
#   Decrease number of Java threads
#   Decrease Java thread stack sizes (-Xss)
#   Set larger code cache with -XX:ReservedCodeCacheSize=
#   JVM is running with Zero Based Compressed Oops mode in which the Java heap is
#     placed in the first 32GB address space. The Java Heap base address is the
#     maximum limit for the native heap growth. Please use -XX:HeapBaseMinAddress
#     to set the Java Heap base and to place the Java Heap above 32GB virtual address.
# This output file may be truncated or incomplete.
#
#  Out of Memory Error (arena.cpp:168), pid=37928, tid=14320
#
# JRE version: OpenJDK Runtime Environment Temurin-21.0.12.1+1 (21.0.12.1+1) (build 21.0.12.1+1-LTS)
# Java VM: OpenJDK 64-Bit Server VM Temurin-21.0.12.1+1 (21.0.12.1+1-LTS, mixed mode, sharing, tiered, compressed oops, compressed class ptrs, g1 gc, windows-amd64)
# No core dump will be written. Minidumps are not enabled by default on client versions of Windows
#

---------------  S U M M A R Y ------------

Command Line: --add-opens=java.base/java.lang=ALL-UNNAMED --add-opens=java.base/java.lang.invoke=ALL-UNNAMED --add-opens=java.base/java.util=ALL-UNNAMED --add-opens=java.prefs/java.util.prefs=ALL-UNNAMED --add-exports=jdk.compiler/com.sun.tools.javac.api=ALL-UNNAMED --add-exports=jdk.compiler/com.sun.tools.javac.util=ALL-UNNAMED --add-opens=java.base/java.util=ALL-UNNAMED --add-opens=java.prefs/java.util.prefs=ALL-UNNAMED --add-opens=java.base/java.nio.charset=ALL-UNNAMED --add-opens=java.base/java.net=ALL-UNNAMED --add-opens=java.base/java.util.concurrent=ALL-UNNAMED --add-opens=java.base/java.util.concurrent.atomic=ALL-UNNAMED --add-opens=java.xml/javax.xml.namespace=ALL-UNNAMED --add-opens=java.base/java.time=ALL-UNNAMED -XX:MaxMetaspaceSize=4G -XX:ReservedCodeCacheSize=512m -XX:+HeapDumpOnOutOfMemoryError -Xmx8G -Dfile.encoding=UTF-8 -Duser.country=IN -Duser.language=en -Duser.variant -javaagent:C:\Users\AJI\.gradle\wrapper\dists\gradle-9.1.0-all\7wzd0jkjit61aq2p43wpjgij9\gradle-9.1.0\lib\agents\gradle-instrumentation-agent-9.1.0.jar org.gradle.launcher.daemon.bootstrap.GradleDaemon 9.1.0

Host: 12th Gen Intel(R) Core(TM) i7-12700H, 20 cores, 15G,  Windows 11 , 64 bit Build 26100 (10.0.26100.9444)
Time: Thu Sep 10 13:14:57 2026 India Standard Time elapsed time: 12.759211 seconds (0d 0h 0m 12s)

---------------  T H R E A D  ---------------

Current thread (0x000001f620c91270):  JavaThread "Daemon worker"        [_thread_in_vm, id=14320, stack(0x0000003df3d00000,0x0000003df3e00000) (1024K)]

Stack: [0x0000003df3d00000,0x0000003df3e00000]
Native frames: (J=compiled Java code, j=interpreted, Vv=VM code, C=native code)
V  [jvm.dll+0x6d83e9]
V  [jvm.dll+0x8b5736]
V  [jvm.dll+0x8b7cee]
V  [jvm.dll+0x8b83d3]
V  [jvm.dll+0x284596]
V  [jvm.dll+0xc685d]
V  [jvm.dll+0xc6da1]
V  [jvm.dll+0x3125fd]
V  [jvm.dll+0x311bdd]
V  [jvm.dll+0x21ad37]
V  [jvm.dll+0x20f827]
V  [jvm.dll+0x5b6a7f]
V  [jvm.dll+0x82f77d]
V  [jvm.dll+0x479a6e]
V  [jvm.dll+0x48cde6]
C  [java.dll+0x1657]

Java frames: (J=compiled Java code, j=interpreted, Vv=VM code)
J 2065  java.lang.ClassLoader.defineClass0(Ljava/lang/ClassLoader;Ljava/lang/Class;Ljava/lang/String;[BIILjava/security/ProtectionDomain;ZILjava/lang/Object;)Ljava/lang/Class; java.base@21.0.12.1 (0 bytes) @ 0x000001f610482cbc [0x000001f610482bc0+0x00000000000000fc]
J 2967 c1 java.lang.System$2.defineClass(Ljava/lang/ClassLoader;Ljava/lang/Class;Ljava/lang/String;[BLjava/security/ProtectionDomain;ZILjava/lang/Object;)Ljava/lang/Class; java.base@21.0.12.1 (21 bytes) @ 0x000001f6005d08f4 [0x000001f6005d0840+0x00000000000000b4]
J 2763 c1 java.lang.invoke.MethodHandles$Lookup$ClassDefiner.defineClass(ZLjava/lang/Object;)Ljava/lang/Class; java.base@21.0.12.1 (213 bytes) @ 0x000001f600567aac [0x000001f600567520+0x000000000000058c]
J 3138 c1 java.lang.invoke.InvokerBytecodeGenerator.loadMethod([B)Ljava/lang/invoke/MemberName; java.base@21.0.12.1 (39 bytes) @ 0x000001f60062878c [0x000001f600628600+0x000000000000018c]
J 2747 c1 java.lang.invoke.InvokerBytecodeGenerator.generateCustomizedCode(Ljava/lang/invoke/LambdaForm;Ljava/lang/invoke/MethodType;)Ljava/lang/invoke/MemberName; java.base@21.0.12.1 (34 bytes) @ 0x000001f60055e334 [0x000001f60055e180+0x00000000000001b4]
J 2854 c1 java.lang.invoke.LambdaForm.compileToBytecode()V java.base@21.0.12.1 (164 bytes) @ 0x000001f600592274 [0x000001f600592080+0x00000000000001f4]
j  java.lang.invoke.DirectMethodHandle.makePreparedLambdaForm(Ljava/lang/invoke/MethodType;I)Ljava/lang/invoke/LambdaForm;+750 java.base@21.0.12.1
J 1820 c1 java.lang.invoke.DirectMethodHandle.preparedLambdaForm(Ljava/lang/invoke/MemberName;Z)Ljava/lang/invoke/LambdaForm; java.base@21.0.12.1 (244 bytes) @ 0x000001f600376adc [0x000001f600376100+0x00000000000009dc]
J 2122 c1 java.lang.invoke.DirectMethodHandle.make(BLjava/lang/Class;Ljava/lang/invoke/MemberName;Ljava/lang/Class;)Ljava/lang/invoke/DirectMethodHandle; java.base@21.0.12.1 (275 bytes) @ 0x000001f60040b4bc [0x000001f60040a8c0+0x0000000000000bfc]
J 2793 c1 java.lang.invoke.MethodHandles$Lookup.getDirectMethodCommon(BLjava/lang/Class;Ljava/lang/invoke/MemberName;ZZLjava/lang/invoke/MethodHandles$Lookup;)Ljava/lang/invoke/MethodHandle; java.base@21.0.12.1 (300 bytes) @ 0x000001f600575a24 [0x000001f600575000+0x0000000000000a24]
j  java.lang.invoke.MethodHandles$Lookup.getDirectMethod(BLjava/lang/Class;Ljava/lang/invoke/MemberName;Ljava/lang/invoke/MethodHandles$Lookup;)Ljava/lang/invoke/MethodHandle;+14 java.base@21.0.12.1
j  java.lang.invoke.MethodHandles$Lookup.findStatic(Ljava/lang/Class;Ljava/lang/String;Ljava/lang/invoke/MethodType;)Ljava/lang/invoke/MethodHandle;+23 java.base@21.0.12.1
j  java.lang.invoke.ClassSpecializer$Factory.findFactory(Ljava/lang/Class;Ljava/util/List;)Ljava/lang/invoke/MethodHandle;+30 java.base@21.0.12.1
j  java.lang.invoke.ClassSpecializer$Factory.findFactories(Ljava/lang/Class;Ljava/util/List;)Ljava/util/List;+10 java.base@21.0.12.1
j  java.lang.invoke.ClassSpecializer$Factory.linkSpeciesDataToCode(Ljava/lang/invoke/ClassSpecializer$SpeciesData;Ljava/lang/Class;)V+24 java.base@21.0.12.1
j  java.lang.invoke.ClassSpecializer$Factory.loadSpecies(Ljava/lang/invoke/ClassSpecializer$SpeciesData;)Ljava/lang/invoke/ClassSpecializer$SpeciesData;+111 java.base@21.0.12.1
j  java.lang.invoke.ClassSpecializer.findSpecies(Ljava/lang/Object;)Ljava/lang/invoke/ClassSpecializer$SpeciesData;+53 java.base@21.0.12.1
J 2154 c1 java.lang.invoke.BoundMethodHandle$SpeciesData.extendWith(Ljava/lang/invoke/LambdaForm$BasicType;)Ljava/lang/invoke/BoundMethodHandle$SpeciesData; java.base@21.0.12.1 (64 bytes) @ 0x000001f60042025c [0x000001f60041fd60+0x00000000000004fc]
j  java.lang.invoke.LambdaFormEditor.newSpeciesData(Ljava/lang/invoke/LambdaForm$BasicType;)Ljava/lang/invoke/BoundMethodHandle$SpeciesData;+5 java.base@21.0.12.1
j  java.lang.invoke.LambdaFormEditor.makeArgumentCombinationForm(ILjava/lang/invoke/MethodType;ZZ)Ljava/lang/invoke/LambdaForm;+168 java.base@21.0.12.1
J 2922 c1 java.lang.invoke.LambdaFormEditor.filterArgumentForm(ILjava/lang/invoke/LambdaForm$BasicType;)Ljava/lang/invoke/LambdaForm; java.base@21.0.12.1 (121 bytes) @ 0x000001f6005b8e1c [0x000001f6005b8ba0+0x000000000000027c]
J 2377 c1 java.lang.invoke.MethodHandleImpl.makePairwiseConvertByEditor(Ljava/lang/invoke/MethodHandle;Ljava/lang/invoke/MethodType;ZZ)Ljava/lang/invoke/MethodHandle; java.base@21.0.12.1 (617 bytes) @ 0x000001f60049e89c [0x000001f60049c320+0x000000000000257c]
J 2376 c1 java.lang.invoke.MethodHandleImpl.makePairwiseConvert(Ljava/lang/invoke/MethodHandle;Ljava/lang/invoke/MethodType;ZZ)Ljava/lang/invoke/MethodHandle; java.base@21.0.12.1 (22 bytes) @ 0x000001f600496e7c [0x000001f600496d40+0x000000000000013c]
J 2373 c1 java.lang.invoke.MethodHandle.asTypeUncached(Ljava/lang/invoke/MethodType;)Ljava/lang/invoke/MethodHandle; java.base@21.0.12.1 (54 bytes) @ 0x000001f600493e14 [0x000001f600493860+0x00000000000005b4]
J 2528 c1 java.lang.invoke.MethodHandle.asType(Ljava/lang/invoke/MethodType;)Ljava/lang/invoke/MethodHandle; java.base@21.0.12.1 (32 bytes) @ 0x000001f6004dad04 [0x000001f6004dab40+0x00000000000001c4]
j  java.lang.invoke.MethodHandle.asSpreader(ILjava/lang/Class;I)Ljava/lang/invoke/MethodHandle;+12 java.base@21.0.12.1
j  jdk.internal.reflect.MethodHandleAccessorFactory.makeSpecializedTarget(Ljava/lang/invoke/MethodHandle;ZZ)Ljava/lang/invoke/MethodHandle;+67 java.base@21.0.12.1
j  jdk.internal.reflect.MethodHandleAccessorFactory.getDirectMethod(Ljava/lang/reflect/Method;Z)Ljava/lang/invoke/MethodHandle;+82 java.base@21.0.12.1
j  jdk.internal.reflect.MethodHandleAccessorFactory.newMethodAccessor(Ljava/lang/reflect/Method;Z)Ljdk/internal/reflect/MethodAccessorImpl;+41 java.base@21.0.12.1
j  jdk.internal.reflect.ReflectionFactory.newMethodAccessor(Ljava/lang/reflect/Method;Z)Ljdk/internal/reflect/MethodAccessor;+28 java.base@21.0.12.1
j  java.lang.reflect.Method.acquireMethodAccessor()Ljdk/internal/reflect/MethodAccessor;+38 java.base@21.0.12.1
J 2269 c1 java.lang.reflect.Method.invoke(Ljava/lang/Object;[Ljava/lang/Object;)Ljava/lang/Object; java.base@21.0.12.1 (108 bytes) @ 0x000001f60045d67c [0x000001f60045d340+0x000000000000033c]
j  org.gradle.internal.reflect.JavaMethod.invoke(Ljava/lang/Object;[Ljava/lang/Object;)Ljava/lang/Object;+6
j  org.gradle.internal.service.ReflectionBasedServiceMethod.invoke(Ljava/lang/Object;[Ljava/lang/Object;)Ljava/lang/Object;+6
j  org.gradle.internal.service.DefaultServiceRegistry$FactoryMethodService.invokeMethod([Ljava/lang/Object;)Ljava/lang/Object;+28
j  org.gradle.internal.service.DefaultServiceRegistry$FactoryService.createServiceInstance()Ljava/lang/Object;+7
j  org.gradle.internal.service.DefaultServiceRegistry$FactoryMethodService.createServiceInstance()Ljava/lang/Object;+1
J 2899 c1 org.gradle.internal.service.DefaultServiceRegistry$ManagedObjectServiceProvider.getInstance()Ljava/lang/Object; (47 bytes) @ 0x000001f6005a0394 [0x000001f6005a01e0+0x00000000000001b4]
J 2898 c1 org.gradle.internal.service.DefaultServiceRegistry$SingletonService.get()Ljava/lang/Object; (5 bytes) @ 0x000001f60059febc [0x000001f60059fe40+0x000000000000007c]
j  org.gradle.internal.service.DefaultServiceRegistry.find(Ljava/lang/reflect/Type;)Ljava/lang/Object;+22
j  org.gradle.internal.service.DefaultServiceRegistry.get(Ljava/lang/reflect/Type;)Ljava/lang/Object;+2
j  org.gradle.internal.service.DefaultServiceRegistry.get(Ljava/lang/Class;)Ljava/lang/Object;+3
j  org.gradle.internal.session.DefaultBuildSessionContext.execute(Lorg/gradle/internal/invocation/BuildAction;)Lorg/gradle/internal/buildtree/BuildActionRunner$Result;+54
j  org.gradle.internal.buildprocess.execution.BuildSessionLifecycleBuildActionExecutor$ActionImpl.apply(Lorg/gradle/internal/session/BuildSessionContext;)Lorg/gradle/launcher/exec/BuildActionResult;+6
j  org.gradle.internal.buildprocess.execution.BuildSessionLifecycleBuildActionExecutor$ActionImpl.apply(Ljava/lang/Object;)Ljava/lang/Object;+5
j  org.gradle.internal.session.BuildSessionState.run(Ljava/util/function/Function;)Ljava/lang/Object;+5
j  org.gradle.internal.buildprocess.execution.BuildSessionLifecycleBuildActionExecutor.execute(Lorg/gradle/internal/invocation/BuildAction;Lorg/gradle/launcher/exec/BuildActionParameters;Lorg/gradle/initialization/BuildRequestContext;)Lorg/gradle/launcher/exec/BuildActionResult;+95
j  org.gradle.internal.buildprocess.execution.BuildSessionLifecycleBuildActionExecutor.execute(Lorg/gradle/internal/invocation/BuildAction;Ljava/lang/Object;Ljava/lang/Object;)Lorg/gradle/launcher/exec/BuildActionResult;+10
j  org.gradle.internal.buildprocess.execution.StartParamsValidatingActionExecutor.execute(Lorg/gradle/internal/invocation/BuildAction;Lorg/gradle/launcher/exec/BuildActionParameters;Lorg/gradle/initialization/BuildRequestContext;)Lorg/gradle/launcher/exec/BuildActionResult;+142
j  org.gradle.internal.buildprocess.execution.StartParamsValidatingActionExecutor.execute(Lorg/gradle/internal/invocation/BuildAction;Ljava/lang/Object;Ljava/lang/Object;)Lorg/gradle/launcher/exec/BuildActionResult;+10
j  org.gradle.internal.buildprocess.execution.SessionFailureReportingActionExecutor.execute(Lorg/gradle/internal/invocation/BuildAction;Lorg/gradle/launcher/exec/BuildActionParameters;Lorg/gradle/initialization/BuildRequestContext;)Lorg/gradle/launcher/exec/BuildActionResult;+7
j  org.gradle.internal.buildprocess.execution.SessionFailureReportingActionExecutor.execute(Lorg/gradle/internal/invocation/BuildAction;Ljava/lang/Object;Ljava/lang/Object;)Lorg/gradle/launcher/exec/BuildActionResult;+10
j  org.gradle.internal.buildprocess.execution.SetupLoggingActionExecutor.execute(Lorg/gradle/internal/invocation/BuildAction;Lorg/gradle/launcher/exec/BuildActionParameters;Lorg/gradle/initialization/BuildRequestContext;)Lorg/gradle/launcher/exec/BuildActionResult;+50
j  org.gradle.internal.buildprocess.execution.SetupLoggingActionExecutor.execute(Lorg/gradle/internal/invocation/BuildAction;Ljava/lang/Object;Ljava/lang/Object;)Lorg/gradle/launcher/exec/BuildActionResult;+10
j  org.gradle.launcher.daemon.server.exec.ExecuteBuild.doBuild(Lorg/gradle/launcher/daemon/server/api/DaemonCommandExecution;Lorg/gradle/launcher/daemon/protocol/Build;)V+147
j  org.gradle.launcher.daemon.server.exec.BuildCommandOnly.execute(Lorg/gradle/launcher/daemon/server/api/DaemonCommandExecution;)V+49
j  org.gradle.launcher.daemon.server.api.DaemonCommandExecution.proceed()Z+23
j  org.gradle.launcher.daemon.server.exec.WatchForDisconnection.execute(Lorg/gradle/launcher/daemon/server/api/DaemonCommandExecution;)V+19
j  org.gradle.launcher.daemon.server.api.DaemonCommandExecution.proceed()Z+23
j  org.gradle.launcher.daemon.server.exec.ResetDeprecationLogger.execute(Lorg/gradle/launcher/daemon/server/api/DaemonCommandExecution;)V+7
j  org.gradle.launcher.daemon.server.api.DaemonCommandExecution.proceed()Z+23
j  org.gradle.launcher.daemon.server.exec.RequestStopIfSingleUsedDaemon.execute(Lorg/gradle/launcher/daemon/server/api/DaemonCommandExecution;)V+33
j  org.gradle.launcher.daemon.server.api.DaemonCommandExecution.proceed()Z+23
j  org.gradle.launcher.daemon.server.exec.ForwardClientInput.lambda$execute$0(Lorg/gradle/launcher/daemon/server/api/DaemonCommandExecution;Lorg/gradle/internal/daemon/clientinput/StdinHandler;)Ljava/lang/Object;+11
j  org.gradle.launcher.daemon.server.exec.ForwardClientInput$$Lambda+0x000001f62218e388.apply(Ljava/lang/Object;)Ljava/lang/Object;+8
j  org.gradle.internal.daemon.clientinput.ClientInputForwarder.forwardInput(Ljava/util/function/Function;)Ljava/lang/Object;+46
j  org.gradle.launcher.daemon.server.exec.ForwardClientInput.execute(Lorg/gradle/launcher/daemon/server/api/DaemonCommandExecution;)V+10
j  org.gradle.launcher.daemon.server.api.DaemonCommandExecution.proceed()Z+23
j  org.gradle.launcher.daemon.server.exec.LogAndCheckHealth.execute(Lorg/gradle/launcher/daemon/server/api/DaemonCommandExecution;)V+51
j  org.gradle.launcher.daemon.server.api.DaemonCommandExecution.proceed()Z+23
j  org.gradle.launcher.daemon.server.exec.LogToClient.doBuild(Lorg/gradle/launcher/daemon/server/api/DaemonCommandExecution;Lorg/gradle/launcher/daemon/protocol/Build;)V+87
j  org.gradle.launcher.daemon.server.exec.BuildCommandOnly.execute(Lorg/gradle/launcher/daemon/server/api/DaemonCommandExecution;)V+49
j  org.gradle.launcher.daemon.server.api.DaemonCommandExecution.proceed()Z+23
j  org.gradle.launcher.daemon.server.exec.EstablishBuildEnvironment.doBuild(Lorg/gradle/launcher/daemon/server/api/DaemonCommandExecution;Lorg/gradle/launcher/daemon/protocol/Build;)V+356
j  org.gradle.launcher.daemon.server.exec.BuildCommandOnly.execute(Lorg/gradle/launcher/daemon/server/api/DaemonCommandExecution;)V+49
j  org.gradle.launcher.daemon.server.api.DaemonCommandExecution.proceed()Z+23
j  org.gradle.launcher.daemon.server.exec.StartBuildOrRespondWithBusy$1.run()V+44
j  org.gradle.launcher.daemon.server.DaemonStateCoordinator.lambda$runCommand$0(Ljava/lang/Runnable;)V+1
j  org.gradle.launcher.daemon.server.DaemonStateCoordinator$$Lambda+0x000001f62218cf18.run()V+8
j  org.gradle.internal.concurrent.ExecutorPolicy$CatchAndRecordFailures.onExecute(Ljava/lang/Runnable;)V+1
j  org.gradle.internal.concurrent.AbstractManagedExecutor$1.run()V+25
j  java.util.concurrent.ThreadPoolExecutor.runWorker(Ljava/util/concurrent/ThreadPoolExecutor$Worker;)V+92 java.base@21.0.12.1
j  java.util.concurrent.ThreadPoolExecutor$Worker.run()V+5 java.base@21.0.12.1
j  java.lang.Thread.runWith(Ljava/lang/Object;Ljava/lang/Runnable;)V+5 java.base@21.0.12.1
j  java.lang.Thread.run()V+19 java.base@21.0.12.1
v  ~StubRoutines::call_stub 0x000001f60fc5100d

Compiled method (n/a) 13093 2065     n 0       java.lang.ClassLoader::defineClass0 (native)
 total in heap  [0x000001f610482a10,0x000001f610482fd0] = 1472
 relocation     [0x000001f610482b70,0x000001f610482ba8] = 56
 main code      [0x000001f610482bc0,0x000001f610482fcc] = 1036
 stub code      [0x000001f610482fcc,0x000001f610482fd0] = 4

[Constant Pool (empty)]

[MachCode]
[Entry Point]
  # {method} {0x000001f621434610} 'defineClass0' '(Ljava/lang/ClassLoader;Ljava/lang/Class;Ljava/lang/String;[BIILjava/security/ProtectionDomain;ZILjava/lang/Object;)Ljava/lang/Class;' in 'java/lang/ClassLoader'
  # parm0:    rdx:rdx   = 'java/lang/ClassLoader'
  # parm1:    r8:r8     = 'java/lang/Class'
  # parm2:    r9:r9     = 'java/lang/String'
  # parm3:    rdi:rdi   = '[B'
  # parm4:    rsi       = int
  # parm5:    rcx       = int
  # parm6:    [sp+0xb0]   = 'java/security/ProtectionDomain'  (sp of caller)
  # parm7:    [sp+0xb8]   = boolean
  # parm8:    [sp+0xc0]   = int
  # parm9:    [sp+0xc8]   = 'java/lang/Object'
  0x000001f610482bc0: 448b 5208 | 49bb 0000 | 0021 f601 | 0000 4d03 | d349 3bc2 | 0f84 0600 

  0x000001f610482bd8: ;   {runtime_call ic_miss_stub}
  0x000001f610482bd8: 0000 e9a1 | bb81 ff90 
[Verified Entry Point]
  0x000001f610482be0: 8984 2400 | 80ff ff55 | 488b ec48 | 81ec a000 | 0000 6690 | 4181 7f20 | 0100 0000 

  0x000001f610482bfc: ;   {runtime_call StubRoutines (final stubs)}
  0x000001f610482bfc: 7405 e8dd | 3880 ff48 | 837d 2800 | 488d 4528 | 480f 4445 | 2848 8944 | 2458 4863 | 4520 4889 
  0x000001f610482c1c: 4424 5048 | 6345 1848 | 8944 2448 | 4883 7d10 | 0048 8d45 | 1048 0f44 | 4510 4889 | 4424 4048 
  0x000001f610482c3c: 894c 2438 | 4889 7424 | 3048 897c | 2478 4883 | ff00 488d | 4424 7848 | 0f44 4424 | 7848 8944 
  0x000001f610482c5c: 2428 4c89 | 4c24 7049 | 83f9 0048 | 8d44 2470 | 480f 4444 | 2470 4889 | 4424 204c | 8944 2468 
  0x000001f610482c7c: 4983 f800 | 4c8d 4c24 | 684c 0f44 | 4c24 6848 | 8954 2460 | 4883 fa00 | 4c8d 4424 | 604c 0f44 
  0x000001f610482c9c: ;   {oop(a 'java/lang/Class'{0x000000060cca6960} = 'java/lang/ClassLoader')}
  0x000001f610482c9c: 4424 6049 | be60 69ca | 0c06 0000 | 004c 89b4 | 2490 0000 | 004c 8db4 | 2490 0000 | 0049 8bd6 
  0x000001f610482cbc: ;   {internal_word}
  0x000001f610482cbc: c5f8 7749 | babc 2c48 | 10f6 0100 | 004d 8997 | a803 0000 | 4989 a7a0 

  0x000001f610482cd4: ;   {external_word}
  0x000001f610482cd4: 0300 0049 | ba06 6dfc | 6cf9 7f00 | 0041 803a | 000f 844e | 0000 0052 | 4150 4151 

  0x000001f610482cf0: ;   {metadata({method} {0x000001f621434610} 'defineClass0' '(Ljava/lang/ClassLoader;Ljava/lang/Class;Ljava/lang/String;[BIILjava/security/ProtectionDomain;ZILjava/lang/Object;)Ljava/lang/Class;' in 'java/lang/ClassLoader')}
  0x000001f610482cf0: 48ba 0846 | 4321 f601 | 0000 498b | cf48 83ec | 2040 f6c4 | 0f0f 8419 | 0000 0048 

  0x000001f610482d0c: ;   {runtime_call}
  0x000001f610482d0c: 83ec 0848 | b8e0 eaa5 | 6cf9 7f00 | 00ff d048 | 83c4 08e9 | 0c00 0000 

  0x000001f610482d24: ;   {runtime_call}
  0x000001f610482d24: 48b8 e0ea | a56c f97f | 0000 ffd0 | 4883 c420 | 4159 4158 | 5a49 8d8f | c003 0000 | 41c7 874c 
  0x000001f610482d44: 0400 0004 

  0x000001f610482d48: ;   {runtime_call}
  0x000001f610482d48: 0000 0048 | b81c 15a3 | 56fa 7f00 | 00ff d0c5 | f877 41c7 | 874c 0400 | 0005 0000 | 00f0 8344 
  0x000001f610482d68: 24c0 0049 | 3baf 5004 | 0000 0f87 | 0e00 0000 | 4183 bf48 | 0400 0000 | 0f84 2b00 | 0000 c5f8 
  0x000001f610482d88: 7748 8945 | f849 8bcf | 4c8b e448 | 83ec 2048 

  0x000001f610482d98: ;   {runtime_call}
  0x000001f610482d98: 83e4 f048 | b800 5871 | 6cf9 7f00 | 00ff d049 | 8be4 4d33 | e448 8b45 | f841 c787 | 4c04 0000 
  0x000001f610482db8: 0800 0000 | 4183 bfc8 | 0400 0002 | 0f84 d501 

  0x000001f610482dc8: ;   {external_word}
  0x000001f610482dc8: 0000 49ba | 066d fc6c | f97f 0000 | 4180 3a00 | 0f84 4c00 | 0000 4889 

  0x000001f610482de0: ;   {metadata({method} {0x000001f621434610} 'defineClass0' '(Ljava/lang/ClassLoader;Ljava/lang/Class;Ljava/lang/String;[BIILjava/security/ProtectionDomain;ZILjava/lang/Object;)Ljava/lang/Class;' in 'java/lang/ClassLoader')}
  0x000001f610482de0: 45f8 48ba | 0846 4321 | f601 0000 | 498b cf48 | 83ec 2040 | f6c4 0f0f | 8419 0000 | 0048 83ec 
  0x000001f610482e00: ;   {runtime_call}
  0x000001f610482e00: 0848 b8e0 | eaa5 6cf9 | 7f00 00ff | d048 83c4 | 08e9 0c00 

  0x000001f610482e14: ;   {runtime_call}
  0x000001f610482e14: 0000 48b8 | e0ea a56c | f97f 0000 | ffd0 4883 | c420 488b | 45f8 49c7 | 87a0 0300 | 0000 0000 
  0x000001f610482e34: 0049 c787 | a803 0000 | 0000 0000 | c5f8 7748 | 85c0 0f84 | 3001 0000 | a803 0f85 | 0800 0000 
  0x000001f610482e54: 488b 00e9 | 2001 0000 | a801 0f85 | 0900 0000 | 488b 40fe | e90f 0100 | 0048 8b40 | ff41 807f 
  0x000001f610482e74: 4000 0f84 | 0001 0000 | 4883 f800 | 0f84 f600 | 0000 498b | 4f28 4883 | f900 0f84 | 1400 0000 
  0x000001f610482e94: 4883 e908 | 4989 4f28 | 4903 4f38 | 4889 01e9 | d400 0000 | 4883 ec70 | 4889 0424 | 4889 4c24 
  0x000001f610482eb4: 0848 8954 | 2410 4c89 | 4424 184c | 894c 2420 | 4c89 5424 | 284c 895c | 2430 c5fb | 1144 2440 
  0x000001f610482ed4: c5fb 114c | 2448 c5fb | 1154 2450 | c5fb 115c | 2458 c5fb | 1164 2460 | c5fb 116c | 2468 498b 
  0x000001f610482ef4: d748 8bc8 | 4883 ec20 | 40f6 c40f | 0f84 1900 | 0000 4883 

  0x000001f610482f08: ;   {runtime_call}
  0x000001f610482f08: ec08 48b8 | 20a4 646c | f97f 0000 | ffd0 4883 | c408 e90c 

  0x000001f610482f1c: ;   {runtime_call}
  0x000001f610482f1c: 0000 0048 | b820 a464 | 6cf9 7f00 | 00ff d048 | 83c4 20c5 | fb10 6c24 | 68c5 fb10 | 6424 60c5 
  0x000001f610482f3c: fb10 5c24 | 58c5 fb10 | 5424 50c5 | fb10 4c24 | 48c5 fb10 | 4424 404c | 8b5c 2430 | 4c8b 5424 
  0x000001f610482f5c: 284c 8b4c | 2420 4c8b | 4424 1848 | 8b54 2410 | 488b 4c24 | 0848 8b04 | 2448 83c4 | 70c5 f877 
  0x000001f610482f7c: 498b 8f30 | 0400 00c7 | 8100 0100 | 0000 0000 | 00c9 4983 | 7f08 000f | 8501 0000 

  0x000001f610482f98: ;   {runtime_call StubRoutines (initial stubs)}
  0x000001f610482f98: 00c3 e961 | df7c ffc5 | f877 4889 | 45f8 4c8b | e448 83ec | 2048 83e4 

  0x000001f610482fb0: ;   {runtime_call}
  0x000001f610482fb0: f048 b830 | 22a6 6cf9 | 7f00 00ff | d049 8be4 | 4d33 e448 | 8b45 f8e9 | fefd ffff 
[Stub Code]
  0x000001f610482fcc: f4f4 f4f4 
[/MachCode]


Compiled method (c1) 13115 2967       3       java.lang.System$2::defineClass (21 bytes)
 total in heap  [0x000001f6005d0690,0x000001f6005d0a70] = 992
 relocation     [0x000001f6005d07f0,0x000001f6005d0830] = 64
 main code      [0x000001f6005d0840,0x000001f6005d0978] = 312
 stub code      [0x000001f6005d0978,0x000001f6005d09b8] = 64
 metadata       [0x000001f6005d09b8,0x000001f6005d09c0] = 8
 scopes data    [0x000001f6005d09c0,0x000001f6005d0a08] = 72
 scopes pcs     [0x000001f6005d0a08,0x000001f6005d0a58] = 80
 dependencies   [0x000001f6005d0a58,0x000001f6005d0a60] = 8
 nul chk table  [0x000001f6005d0a60,0x000001f6005d0a70] = 16

[Constant Pool (empty)]

[MachCode]
[Entry Point]
  # {method} {0x000001f621019588} 'defineClass' '(Ljava/lang/ClassLoader;Ljava/lang/Class;Ljava/lang/String;[BLjava/security/ProtectionDomain;ZILjava/lang/Object;)Ljava/lang/Class;' in 'java/lang/System$2'
  # this:     rdx:rdx   = 'java/lang/System$2'
  # parm0:    r8:r8     = 'java/lang/ClassLoader'
  # parm1:    r9:r9     = 'java/lang/Class'
  # parm2:    rdi:rdi   = 'java/lang/String'
  # parm3:    rsi:rsi   = '[B'
  # parm4:    rcx:rcx   = 'java/security/ProtectionDomain'
  # parm5:    [sp+0x70]   = boolean  (sp of caller)
  # parm6:    [sp+0x78]   = int
  # parm7:    [sp+0x80]   = 'java/lang/Object'
  0x000001f6005d0840: 448b 5208 | 49bb 0000 | 0021 f601 | 0000 4d03 | d34c 3bd0 

  0x000001f6005d0854: ;   {runtime_call ic_miss_stub}
  0x000001f6005d0854: 0f85 26df | 6c0f 660f | 1f44 0000 
[Verified Entry Point]
  0x000001f6005d0860: 8984 2400 | 80ff ff55 | 4883 ec60 | 4181 7f20 | 0100 0000 

  0x000001f6005d0874: ;   {runtime_call StubRoutines (final stubs)}
  0x000001f6005d0874: 7405 e865 | 5c6b 0f48 

  0x000001f6005d087c: ;   {metadata(method data for {method} {0x000001f621019588} 'defineClass' '(Ljava/lang/ClassLoader;Ljava/lang/Class;Ljava/lang/String;[BLjava/security/ProtectionDomain;ZILjava/lang/Object;)Ljava/lang/Class;' in 'java/lang/System$2')}
  0x000001f6005d087c: 8bd9 48b9 | 08fd 9862 | f601 0000 | 8b81 cc00 | 0000 83c0 | 0289 81cc | 0000 0025 | fe07 0000 
  0x000001f6005d089c: 85c0 0f84 | 6b00 0000 | 4c8b ac24 | 8000 0000 | 448b 5c24 | 788b 4424 | 708b 4e0c 

  0x000001f6005d08b8: ;   {metadata(method data for {method} {0x000001f621019588} 'defineClass' '(Ljava/lang/ClassLoader;Ljava/lang/Class;Ljava/lang/String;[BLjava/security/ProtectionDomain;ZILjava/lang/Object;)Ljava/lang/Class;' in 'java/lang/System$2')}
  0x000001f6005d08b8: 48ba 08fd | 9862 f601 | 0000 4883 | 8210 0100 | 0001 498b | d04d 8bc1 | 4c8b cf48 | 8bfe be00 
  0x000001f6005d08d8: 0000 0048 | 891c 2489 | 4424 0844 | 895c 2410 | 4c89 6c24 

  0x000001f6005d08ec: ;   {static_call}
  0x000001f6005d08ec: 1866 90e8 

  0x000001f6005d08f0: ; ImmutableOopMap {}
                      ;*invokestatic defineClass0 {reexecute=0 rethrow=0 return_oop=0}
                      ; - java.lang.System$2::defineClass@17
  0x000001f6005d08f0: ec22 eb0f 

  0x000001f6005d08f4: ;   {other}
  0x000001f6005d08f4: 0f1f 8400 | 6402 0000 | 4883 c460 

  0x000001f6005d0900: ;   {poll_return}
  0x000001f6005d0900: 5d49 3ba7 | 5004 0000 | 0f87 2700 

  0x000001f6005d090c: ;   {metadata({method} {0x000001f621019588} 'defineClass' '(Ljava/lang/ClassLoader;Ljava/lang/Class;Ljava/lang/String;[BLjava/security/ProtectionDomain;ZILjava/lang/Object;)Ljava/lang/Class;' in 'java/lang/System$2')}
  0x000001f6005d090c: 0000 c349 | ba80 9501 | 21f6 0100 | 004c 8954 | 2408 48c7 | 0424 ffff 

  0x000001f6005d0924: ;   {runtime_call counter_overflow Runtime1 stub}
  0x000001f6005d0924: ffff e8d5 

  0x000001f6005d0928: ; ImmutableOopMap {rdx=Oop r8=Oop r9=Oop rdi=Oop rsi=Oop rbx=Oop [128]=Oop }
                      ;*synchronization entry
                      ; - java.lang.System$2::defineClass@-1
  0x000001f6005d0928: 1579 0fe9 | 74ff ffff 

  0x000001f6005d0930: ;   {runtime_call throw_null_pointer_exception Runtime1 stub}
  0x000001f6005d0930: e8cb af78 

  0x000001f6005d0934: ; ImmutableOopMap {r8=Oop r9=Oop rdi=Oop rsi=Oop rbx=Oop r13=Oop [128]=Oop }
                      ;*arraylength {reexecute=0 rethrow=0 return_oop=0}
                      ; - java.lang.System$2::defineClass@8
                      ;   {internal_word}
  0x000001f6005d0934: 0f49 ba01 | 095d 00f6 | 0100 004d | 8997 6804 

  0x000001f6005d0944: ;   {runtime_call SafepointBlob}
  0x000001f6005d0944: 0000 e935 | 4b6d 0f49 | 8b87 0005 | 0000 49c7 | 8700 0500 | 0000 0000 | 0049 c787 | 0805 0000 
  0x000001f6005d0964: 0000 0000 | 4883 c460 

  0x000001f6005d096c: ;   {runtime_call unwind_exception Runtime1 stub}
  0x000001f6005d096c: 5de9 8e90 | 780f f4f4 | f4f4 f4f4 
[Stub Code]
  0x000001f6005d0978: ;   {no_reloc}
  0x000001f6005d0978: 48bb 0000 | 0000 0000 

  0x000001f6005d0980: ;   {runtime_call nmethod}
  0x000001f6005d0980: 0000 e9fb 

  0x000001f6005d0984: ;   {runtime_call handle_exception_from_callee Runtime1 stub}
  0x000001f6005d0984: ffff ffe8 | 74d5 780f 

  0x000001f6005d098c: ;   {external_word}
  0x000001f6005d098c: 48b9 5063 | d26c f97f | 0000 4883 

  0x000001f6005d0998: ;   {runtime_call}
  0x000001f6005d0998: e4f0 48b8 | c0c9 946c | f97f 0000 

  0x000001f6005d09a4: ;   {section_word}
  0x000001f6005d09a4: ffd0 f449 | baa7 095d | 00f6 0100 

  0x000001f6005d09b0: ;   {runtime_call DeoptimizationBlob}
  0x000001f6005d09b0: 0041 52e9 | 683d 6d0f 
[/MachCode]


Compiled method (c1) 13123 2763   !   3       java.lang.invoke.MethodHandles$Lookup$ClassDefiner::defineClass (213 bytes)
 total in heap  [0x000001f600567290,0x000001f600568540] = 4784
 relocation     [0x000001f6005673f0,0x000001f600567510] = 288
 main code      [0x000001f600567520,0x000001f600567fd8] = 2744
 stub code      [0x000001f600567fd8,0x000001f600568050] = 120
 metadata       [0x000001f600568050,0x000001f6005680c0] = 112
 scopes data    [0x000001f6005680c0,0x000001f6005682d8] = 536
 scopes pcs     [0x000001f6005682d8,0x000001f600568498] = 448
 dependencies   [0x000001f600568498,0x000001f6005684b0] = 24
 handler table  [0x000001f6005684b0,0x000001f6005684f8] = 72
 nul chk table  [0x000001f6005684f8,0x000001f600568540] = 72

[Constant Pool (empty)]

[MachCode]
[Entry Point]
  # {method} {0x000001f6211eae68} 'defineClass' '(ZLjava/lang/Object;)Ljava/lang/Class;' in 'java/lang/invoke/MethodHandles$Lookup$ClassDefiner'
  # this:     rdx:rdx   = 'java/lang/invoke/MethodHandles$Lookup$ClassDefiner'
  # parm0:    r8        = boolean
  # parm1:    r9:r9     = 'java/lang/Object'
  #           [sp+0xf0]  (sp of caller)
  0x000001f600567520: 448b 5208 | 49bb 0000 | 0021 f601 | 0000 4d03 | d34c 3bd0 

  0x000001f600567534: ;   {runtime_call ic_miss_stub}
  0x000001f600567534: 0f85 4672 | 730f 660f | 1f44 0000 
[Verified Entry Point]
  0x000001f600567540: 8984 2400 | 80ff ff55 | 4881 ece0 | 0000 0090 | 4181 7f20 | 0100 0000 

  0x000001f600567558: ;   {runtime_call StubRoutines (final stubs)}
  0x000001f600567558: 7405 e881 | ef71 0f48 | 8994 2498 | 0000 0044 | 8984 24b0 | 0000 004c | 898c 24b8 

  0x000001f600567574: ;   {metadata(method data for {method} {0x000001f6211eae68} 'defineClass' '(ZLjava/lang/Object;)Ljava/lang/Class;' in 'java/lang/invoke/MethodHandles$Lookup$ClassDefiner')}
  0x000001f600567574: 0000 0048 | bee0 f198 | 62f6 0100 | 008b becc | 0000 0083 | c702 89be | cc00 0000 | 81e7 fe07 
  0x000001f600567594: 0000 85ff | 0f84 b307 | 0000 8b72 | 1048 c1e6 | 0348 89b4 | 2490 0000 | 0048 3b06 

  0x000001f6005675b0: ;   {metadata(method data for {method} {0x000001f6211eae68} 'defineClass' '(ZLjava/lang/Object;)Ljava/lang/Class;' in 'java/lang/invoke/MethodHandles$Lookup$ClassDefiner')}
  0x000001f6005675b0: 488b fe48 | bbe0 f198 | 62f6 0100 | 0048 8383 | 1001 0000 | 018b 7e10 | 48c1 e703 | 4889 bc24 
  0x000001f6005675d0: a800 0000 

  0x000001f6005675d4: ; implicit exception: dispatches to 0x000001f600567d77
  0x000001f6005675d4: 483b 0748 

  0x000001f6005675d8: ;   {metadata(method data for {method} {0x000001f6211eae68} 'defineClass' '(ZLjava/lang/Object;)Ljava/lang/Class;' in 'java/lang/invoke/MethodHandles$Lookup$ClassDefiner')}
  0x000001f6005675d8: 8bdf 48b8 | e0f1 9862 | f601 0000 | 4883 8048 | 0100 0001 

  0x000001f6005675ec: ;   {metadata(method data for {method} {0x000001f621468e60} 'getClassLoader' '()Ljava/lang/ClassLoader;' in 'java/lang/Class')}
  0x000001f6005675ec: 48bb 886b | 0262 f601 | 0000 8b83 | cc00 0000 | 83c0 0289 | 83cc 0000 | 0025 feff | 1f00 85c0 
  0x000001f60056760c: 0f84 6a07 | 0000 8b5f | 3448 c1e3 | 0348 85db 

  0x000001f60056761c: ;   {metadata(method data for {method} {0x000001f621468e60} 'getClassLoader' '()Ljava/lang/ClassLoader;' in 'java/lang/Class')}
  0x000001f60056761c: 48b8 886b | 0262 f601 | 0000 48c7 | c110 0100 | 0075 0748 | c7c1 2001 | 0000 4c8b | 1c08 4d8d 
  0x000001f60056763c: 5b01 4c89 | 1c08 0f85 | 0f00 0000 

  0x000001f600567648: ;   {oop(nullptr)}
  0x000001f600567648: 48bb 0000 | 0000 0000 | 0000 e9a2 

  0x000001f600567654: ;   {metadata(method data for {method} {0x000001f621468e60} 'getClassLoader' '()Ljava/lang/ClassLoader;' in 'java/lang/Class')}
  0x000001f600567654: 0000 0048 | b888 6b02 | 62f6 0100 | 0048 8380 | 3001 0000 

  0x000001f600567668: ;   {metadata(method data for {method} {0x000001f62101b1d0} 'getSecurityManager' '()Ljava/lang/SecurityManager;' in 'java/lang/System')}
  0x000001f600567668: 0148 b848 | 6d02 62f6 | 0100 008b | 88cc 0000 | 0083 c102 | 8988 cc00 | 0000 81e1 | feff 1f00 
  0x000001f600567688: 85c9 0f84 | 0d07 0000 

  0x000001f600567690: ;   {metadata(method data for {method} {0x000001f62101b1d0} 'getSecurityManager' '()Ljava/lang/SecurityManager;' in 'java/lang/System')}
  0x000001f600567690: 48b8 486d | 0262 f601 | 0000 4883 | 8010 0100 

  0x000001f6005676a0: ;   {metadata(method data for {method} {0x000001f62101b2e8} 'allowSecurityManager' '()Z' in 'java/lang/System')}
  0x000001f6005676a0: 0001 48b8 | c06e 0262 | f601 0000 | 8b88 cc00 | 0000 83c1 | 0289 88cc | 0000 0081 | e1fe ff1f 
  0x000001f6005676c0: 0085 c90f | 84f5 0600 

  0x000001f6005676c8: ;   {metadata(method data for {method} {0x000001f62101b2e8} 'allowSecurityManager' '()Z' in 'java/lang/System')}
  0x000001f6005676c8: 0048 b8c0 | 6e02 62f6 | 0100 00ff | 8010 0100 

  0x000001f6005676d8: ;   {metadata(method data for {method} {0x000001f62101b1d0} 'getSecurityManager' '()Ljava/lang/SecurityManager;' in 'java/lang/System')}
  0x000001f6005676d8: 0048 b848 | 6d02 62f6 | 0100 00ff | 8020 0100 

  0x000001f6005676e8: ;   {metadata(method data for {method} {0x000001f621468e60} 'getClassLoader' '()Ljava/lang/ClassLoader;' in 'java/lang/Class')}
  0x000001f6005676e8: 0048 b888 | 6b02 62f6 | 0100 00ff | 8040 0100 | 0048 85db 

  0x000001f6005676fc: ;   {metadata(method data for {method} {0x000001f6211eae68} 'defineClass' '(ZLjava/lang/Object;)Ljava/lang/Class;' in 'java/lang/invoke/MethodHandles$Lookup$ClassDefiner')}
  0x000001f6005676fc: 48b8 e0f1 | 9862 f601 | 0000 48c7 | c180 0100 | 0074 0748 | c7c1 9001 | 0000 4c8b | 1c08 4d8d 
  0x000001f60056771c: 5b01 4c89 | 1c08 0f84 | 5f02 0000 

  0x000001f600567728: ;   {metadata(method data for {method} {0x000001f6211eae68} 'defineClass' '(ZLjava/lang/Object;)Ljava/lang/Class;' in 'java/lang/invoke/MethodHandles$Lookup$ClassDefiner')}
  0x000001f600567728: 488b c648 | b9e0 f198 | 62f6 0100 | 0048 8381 | a001 0000 

  0x000001f60056773c: ;   {metadata(method data for {method} {0x000001f6213e0578} 'lookupClassProtectionDomain' '()Ljava/security/ProtectionDomain;' in 'java/lang/invoke/MethodHandles$Lookup')}
  0x000001f60056773c: 0148 b818 | f898 62f6 | 0100 008b | 88cc 0000 | 0083 c102 | 8988 cc00 | 0000 81e1 | feff 1f00 
  0x000001f60056775c: 85c9 0f84 | 7b06 0000 | 8b46 1848 | c1e0 0348 

  0x000001f60056776c: ;   {metadata(method data for {method} {0x000001f6213e0578} 'lookupClassProtectionDomain' '()Ljava/security/ProtectionDomain;' in 'java/lang/invoke/MethodHandles$Lookup')}
  0x000001f60056776c: 85c0 48b9 | 18f8 9862 | f601 0000 | 49c7 c310 | 0100 0075 | 0749 c7c3 | 2001 0000 | 4e8b 2c19 
  0x000001f60056778c: 4d8d 6d01 | 4e89 2c19 | 4889 9c24 | a000 0000 | 0f85 cf01 

  0x000001f6005677a0: ;   {metadata(method data for {method} {0x000001f6213e0578} 'lookupClassProtectionDomain' '()Ljava/security/ProtectionDomain;' in 'java/lang/invoke/MethodHandles$Lookup')}
  0x000001f6005677a0: 0000 48b8 | 18f8 9862 | f601 0000 | 4883 8030 | 0100 0001 

  0x000001f6005677b4: ;   {metadata(method data for {method} {0x000001f621473b88} 'getJavaLangAccess' '()Ljdk/internal/access/JavaLangAccess;' in 'jdk/internal/access/SharedSecrets')}
  0x000001f6005677b4: 48b8 c08a | 1a62 f601 | 0000 8b88 | cc00 0000 | 83c1 0289 | 88cc 0000 | 0081 e1fe | ff1f 0085 
  0x000001f6005677d4: c90f 8425 

  0x000001f6005677d8: ;   {oop(a 'java/lang/Class'{0x000000060cc22348} = 'jdk/internal/access/SharedSecrets')}
  0x000001f6005677d8: 0600 0048 | b848 23c2 | 0c06 0000 | 008b 407c | 48c1 e003 | 8b4e 1048 | c1e1 0348 | 85c0 0f84 
  0x000001f6005677f8: 2a00 0000 

  0x000001f6005677fc: ;   {metadata('java/lang/System$2')}
  0x000001f6005677fc: 48be 6082 | 0121 f601 | 0000 448b | 7008 49ba | 0000 0021 | f601 0000 | 4d03 f249 | 3b76 380f 
  0x000001f60056781c: 8500 0600 | 00e9 0000 | 0000 4c8b | d848 3b00 

  0x000001f60056782c: ;   {metadata(method data for {method} {0x000001f6213e0578} 'lookupClassProtectionDomain' '()Ljava/security/ProtectionDomain;' in 'java/lang/invoke/MethodHandles$Lookup')}
  0x000001f60056782c: 48be 18f8 | 9862 f601 

  0x000001f600567834: ;   {metadata('java/lang/System$2')}
  0x000001f600567834: 0000 49ba | 6082 0121 | f601 0000 | 4c89 9650 | 0100 0048 | 8386 5801 

  0x000001f60056784c: ;   {metadata(method data for {method} {0x000001f6210192c8} 'protectionDomain' '(Ljava/lang/Class;)Ljava/security/ProtectionDomain;' in 'java/lang/System$2')}
  0x000001f60056784c: 0000 0148 | bed0 f998 | 62f6 0100 | 008b 86cc | 0000 0083 | c002 8986 | cc00 0000 | 25fe ff1f 
  0x000001f60056786c: 0085 c00f | 84b6 0500 | 0048 3b01 

  0x000001f600567878: ;   {metadata(method data for {method} {0x000001f6210192c8} 'protectionDomain' '(Ljava/lang/Class;)Ljava/security/ProtectionDomain;' in 'java/lang/System$2')}
  0x000001f600567878: 488b f148 | b8d0 f998 | 62f6 0100 | 0048 8380 | 1001 0000 

  0x000001f60056788c: ;   {metadata(method data for {method} {0x000001f621467bb8} 'protectionDomain' '()Ljava/security/ProtectionDomain;' in 'java/lang/Class')}
  0x000001f60056788c: 0148 be60 | fb98 62f6 | 0100 008b | 86cc 0000 | 0083 c002 | 8986 cc00 | 0000 25fe | ff1f 0085 
  0x000001f6005678ac: c00f 849e | 0500 0048 

  0x000001f6005678b4: ;   {metadata(method data for {method} {0x000001f621467bb8} 'protectionDomain' '()Ljava/security/ProtectionDomain;' in 'java/lang/Class')}
  0x000001f6005678b4: 8bf1 48b8 | 60fb 9862 | f601 0000 | 4883 8010 | 0100 0001 | 488b d10f 

  0x000001f6005678cc: ;   {optimized virtual_call}
  0x000001f6005678cc: 1f40 00e8 

  0x000001f6005678d0: ; ImmutableOopMap {[144]=Oop [152]=Oop [160]=Oop [168]=Oop [184]=Oop }
                      ;*invokevirtual getProtectionDomain0 {reexecute=0 rethrow=0 return_oop=0}
                      ; - java.lang.Class::protectionDomain@1
                      ; - java.lang.System$2::protectionDomain@1
                      ; - java.lang.invoke.MethodHandles$Lookup::lookupClassProtectionDomain@17
                      ; - java.lang.invoke.MethodHandles$Lookup$ClassDefiner::defineClass@23
  0x000001f6005678d0: 1807 0000 

  0x000001f6005678d4: ;   {other}
  0x000001f6005678d4: 0f1f 8400 | 4406 0000 

  0x000001f6005678dc: ;   {metadata(method data for {method} {0x000001f621467bb8} 'protectionDomain' '()Ljava/security/ProtectionDomain;' in 'java/lang/Class')}
  0x000001f6005678dc: 4885 c049 | b860 fb98 | 62f6 0100 | 0049 c7c1 | 4801 0000 | 7507 49c7 | c158 0100 | 004b 8b3c 
  0x000001f6005678fc: 0848 8d7f | 014b 893c | 080f 8525 | 0000 000f | 1f44 0000 

  0x000001f600567910: ;   {no_reloc}
  0x000001f600567910: e9d5 0500 | 0000 0000 | 0000 660f | 1f44 0000 

  0x000001f600567920: ; implicit exception: dispatches to 0x000001f600567ef4
  0x000001f600567920: e9e0 0500 | 0090 9049 | c1e0 03e9 | 0300 0000 | 4c8b c048 | 8bb4 2490 | 0000 0045 | 0fbe 4f40 
  0x000001f600567940: 4585 c90f | 85c6 0500 | 004d 8bd0 | 49c1 ea03 | 4489 5618 | f083 4424 | c000 4c8b | ce4d 33c8 
  0x000001f600567960: 49c1 e916 | 4983 f900 | 0f85 c105 | 0000 498b 

  0x000001f600567970: ;   {metadata(method data for {method} {0x000001f6211eae68} 'defineClass' '(ZLjava/lang/Object;)Ljava/lang/Class;' in 'java/lang/invoke/MethodHandles$Lookup$ClassDefiner')}
  0x000001f600567970: c049 b8e0 | f198 62f6 | 0100 0041 | ff80 d801 | 0000 e912 | 0000 0048 | 899c 24a0 

  0x000001f60056798c: ;   {oop(nullptr)}
  0x000001f60056798c: 0000 0048 | b800 0000 | 0000 0000 | 0048 8b9c | 24a0 0000 | 0048 8bbc | 24a8 0000 | 0048 8b94 
  0x000001f6005679ac: 2498 0000 

  0x000001f6005679b0: ;   {metadata(method data for {method} {0x000001f6211eae68} 'defineClass' '(ZLjava/lang/Object;)Ljava/lang/Class;' in 'java/lang/invoke/MethodHandles$Lookup$ClassDefiner')}
  0x000001f6005679b0: 0049 b8e0 | f198 62f6 | 0100 0049 | 8380 f001 

  0x000001f6005679c0: ;   {metadata(method data for {method} {0x000001f621473b88} 'getJavaLangAccess' '()Ljdk/internal/access/JavaLangAccess;' in 'jdk/internal/access/SharedSecrets')}
  0x000001f6005679c0: 0000 0149 | b8c0 8a1a | 62f6 0100 | 0045 8b88 | cc00 0000 | 4183 c102 | 4589 88cc | 0000 0041 
  0x000001f6005679e0: 81e1 feff | 1f00 4585 | c90f 8458 

  0x000001f6005679ec: ;   {oop(a 'java/lang/Class'{0x000000060cc22348} = 'jdk/internal/access/SharedSecrets')}
  0x000001f6005679ec: 0500 0049 | b848 23c2 | 0c06 0000 | 0045 8b70 | 7c49 c1e6 | 038b 7214 | 48c1 e603 | 8b4a 1848 
  0x000001f600567a0c: c1e1 0344 | 8b4a 0c4d | 85f6 0f84 | 2a00 0000 

  0x000001f600567a1c: ;   {metadata('java/lang/System$2')}
  0x000001f600567a1c: 49bb 6082 | 0121 f601 | 0000 458b | 6e08 49ba | 0000 0021 | f601 0000 | 4d03 ea4d | 3b5d 380f 
  0x000001f600567a3c: 8527 0500 | 00e9 0000 | 0000 4d8b | c649 3b06 

  0x000001f600567a4c: ;   {metadata(method data for {method} {0x000001f6211eae68} 'defineClass' '(ZLjava/lang/Object;)Ljava/lang/Class;' in 'java/lang/invoke/MethodHandles$Lookup$ClassDefiner')}
  0x000001f600567a4c: 4d8b c648 | bae0 f198 | 62f6 0100 

  0x000001f600567a58: ;   {metadata('java/lang/System$2')}
  0x000001f600567a58: 0049 ba60 | 8201 21f6 | 0100 004c | 8992 1002 | 0000 4883 | 8218 0200 | 0001 4c8b | c349 8bd1 
  0x000001f600567a78: 4c8b cf48 | 8bfe 488b | f148 8bc8 | 8b84 24b0 | 0000 0089 | 0424 8954 | 2408 488b | 9424 b800 
  0x000001f600567a98: 0000 4889 | 5424 1049 | 8bd6 0f1f 

  0x000001f600567aa4: ;   {optimized virtual_call}
  0x000001f600567aa4: 4400 00e8 

  0x000001f600567aa8: ; ImmutableOopMap {[152]=Oop [168]=Oop }
                      ;*invokeinterface defineClass {reexecute=0 rethrow=0 return_oop=0}
                      ; - java.lang.invoke.MethodHandles$Lookup$ClassDefiner::defineClass@57
  0x000001f600567aa8: b48d 0600 

  0x000001f600567aac: ;   {other}
  0x000001f600567aac: 0f1f 8400 | 1c08 0001 

  0x000001f600567ab4: ;   {metadata(method data for {method} {0x000001f6211eae68} 'defineClass' '(ZLjava/lang/Object;)Ljava/lang/Class;' in 'java/lang/invoke/MethodHandles$Lookup$ClassDefiner')}
  0x000001f600567ab4: 49b8 e0f1 | 9862 f601 | 0000 41ff | 8038 0200 | 0048 8b94 | 2498 0000 | 008b 721c | 48c1 e603 
  0x000001f600567ad4: ; implicit exception: dispatches to 0x000001f600567f72
  0x000001f600567ad4: 483b 064c 

  0x000001f600567ad8: ;   {metadata(method data for {method} {0x000001f6211eae68} 'defineClass' '(ZLjava/lang/Object;)Ljava/lang/Class;' in 'java/lang/invoke/MethodHandles$Lookup$ClassDefiner')}
  0x000001f600567ad8: 8bc6 49b9 | e0f1 9862 | f601 0000 | 4983 8150 | 0300 0001 | 440f be46 | 0c41 83e0 | 0145 85c0 
  0x000001f600567af8: ;   {metadata(method data for {method} {0x000001f6211eae68} 'defineClass' '(ZLjava/lang/Object;)Ljava/lang/Class;' in 'java/lang/invoke/MethodHandles$Lookup$ClassDefiner')}
  0x000001f600567af8: 49b8 e0f1 | 9862 f601 | 0000 49c7 | c188 0300 | 0074 0749 | c7c1 9803 | 0000 4b8b | 3c08 488d 
  0x000001f600567b18: 7f01 4b89 | 3c08 0f84 | d801 0000 

  0x000001f600567b24: ;   {metadata(method data for {method} {0x000001f6211eae68} 'defineClass' '(ZLjava/lang/Object;)Ljava/lang/Class;' in 'java/lang/invoke/MethodHandles$Lookup$ClassDefiner')}
  0x000001f600567b24: 4c8b c249 | b9e0 f198 | 62f6 0100 

  0x000001f600567b30: ;   {metadata('java/lang/invoke/MethodHandles$Lookup$ClassDefiner')}
  0x000001f600567b30: 0049 ba28 | ac1e 21f6 | 0100 004d | 8991 b803 | 0000 4983 | 81c0 0300 | 0001 8b7a | 1448 c1e7 
  0x000001f600567b50: 0348 85c0 

  0x000001f600567b54: ;   {metadata(method data for {method} {0x000001f6211eae68} 'defineClass' '(ZLjava/lang/Object;)Ljava/lang/Class;' in 'java/lang/invoke/MethodHandles$Lookup$ClassDefiner')}
  0x000001f600567b54: 49b8 e0f1 | 9862 f601 | 0000 49c7 | c1e0 0300 | 0074 0749 | c7c1 f003 | 0000 4b8b | 1c08 488d 
  0x000001f600567b74: 5b01 4b89 | 1c08 0f84 | 3b01 0000 | e9c5 0000 | 0048 8b94 | 2498 0000 | 0049 8b87 | 0005 0000 
  0x000001f600567b94: 4d33 d24d | 8997 0005 | 0000 4d33 | d24d 8997 | 0805 0000 | 8b72 1c48 | c1e6 0348 | 3b06 4c8b 
  0x000001f600567bb4: ;   {metadata(method data for {method} {0x000001f6211eae68} 'defineClass' '(ZLjava/lang/Object;)Ljava/lang/Class;' in 'java/lang/invoke/MethodHandles$Lookup$ClassDefiner')}
  0x000001f600567bb4: c649 b9e0 | f198 62f6 | 0100 0049 | 8381 8804 | 0000 0144 | 0fbe 460c | 4183 e001 

  0x000001f600567bd0: ;   {metadata(method data for {method} {0x000001f6211eae68} 'defineClass' '(ZLjava/lang/Object;)Ljava/lang/Class;' in 'java/lang/invoke/MethodHandles$Lookup$ClassDefiner')}
  0x000001f600567bd0: 4585 c049 | b8e0 f198 | 62f6 0100 | 0049 c7c1 | c004 0000 | 7407 49c7 | c1d0 0400 | 004b 8b3c 
  0x000001f600567bf0: 0848 8d7f | 014b 893c | 080f 844d | 0100 004c 

  0x000001f600567c00: ;   {metadata(method data for {method} {0x000001f6211eae68} 'defineClass' '(ZLjava/lang/Object;)Ljava/lang/Class;' in 'java/lang/invoke/MethodHandles$Lookup$ClassDefiner')}
  0x000001f600567c00: 8bc2 49b9 | e0f1 9862 | f601 0000 

  0x000001f600567c0c: ;   {metadata('java/lang/invoke/MethodHandles$Lookup$ClassDefiner')}
  0x000001f600567c0c: 49ba 28ac | 1e21 f601 | 0000 4d89 | 91f0 0400 | 0049 8381 | f804 0000 | 018b 7a14 | 48c1 e703 
  0x000001f600567c2c: ;   {metadata(method data for {method} {0x000001f6211eae68} 'defineClass' '(ZLjava/lang/Object;)Ljava/lang/Class;' in 'java/lang/invoke/MethodHandles$Lookup$ClassDefiner')}
  0x000001f600567c2c: 49b8 e0f1 | 9862 f601 | 0000 41ff | 8018 0500 | 0048 8984 | 24c8 0000 | 00e9 c800 | 0000 8b52 
  0x000001f600567c4c: 1848 c1e2 | 034c 8bc6 

  0x000001f600567c54: ;   {metadata(method data for {method} {0x000001f6211eae68} 'defineClass' '(ZLjava/lang/Object;)Ljava/lang/Class;' in 'java/lang/invoke/MethodHandles$Lookup$ClassDefiner')}
  0x000001f600567c54: 49b9 e0f1 | 9862 f601 | 0000 4983 | 8100 0400 | 0001 4c8b | c74c 8bc8 | 488b fa48 | 8bd6 4889 
  0x000001f600567c74: 8424 c000 | 0000 0f1f 

  0x000001f600567c7c: ;   {optimized virtual_call}
  0x000001f600567c7c: 4400 00e8 

  0x000001f600567c80: ; ImmutableOopMap {[192]=Oop }
                      ;*invokevirtual dumpClass {reexecute=0 rethrow=0 return_oop=0}
                      ; - java.lang.invoke.MethodHandles$Lookup$ClassDefiner::defineClass@134
  0x000001f600567c80: fc6d 730f 

  0x000001f600567c84: ;   {other}
  0x000001f600567c84: 0f1f 8400 | f409 0002 

  0x000001f600567c8c: ;   {metadata(method data for {method} {0x000001f6211eae68} 'defineClass' '(ZLjava/lang/Object;)Ljava/lang/Class;' in 'java/lang/invoke/MethodHandles$Lookup$ClassDefiner')}
  0x000001f600567c8c: 49b8 e0f1 | 9862 f601 | 0000 41ff | 8038 0400 | 0048 8b84 | 24c0 0000 | 0048 81c4 | e000 0000 
  0x000001f600567cac: ;   {poll_return}
  0x000001f600567cac: 5d49 3ba7 | 5004 0000 | 0f87 c202 | 0000 c348 | 8984 24c0 | 0000 0044 | 8b4a 1849 | c1e1 034c 
  0x000001f600567ccc: ;   {metadata(method data for {method} {0x000001f6211eae68} 'defineClass' '(ZLjava/lang/Object;)Ljava/lang/Class;' in 'java/lang/invoke/MethodHandles$Lookup$ClassDefiner')}
  0x000001f600567ccc: 8bc6 48ba | e0f1 9862 | f601 0000 | 4883 8250 | 0400 0001 | 4c8b c748 

  0x000001f600567ce4: ;   {optimized virtual_call}
  0x000001f600567ce4: 8bd6 90e8 

  0x000001f600567ce8: ; ImmutableOopMap {[192]=Oop }
                      ;*invokevirtual dumpFailedClass {reexecute=0 rethrow=0 return_oop=0}
                      ; - java.lang.invoke.MethodHandles$Lookup$ClassDefiner::defineClass@150
  0x000001f600567ce8: 946d 730f 

  0x000001f600567cec: ;   {other}
  0x000001f600567cec: 0f1f 8400 | 5c0a 0003 | 488b 8424 | c000 0000 | 4881 c4e0 | 0000 005d 

  0x000001f600567d04: ;   {poll_return}
  0x000001f600567d04: 493b a750 | 0400 000f | 8781 0200 | 00c3 448b | 4a18 49c1 | e103 4c8b 

  0x000001f600567d1c: ;   {metadata(method data for {method} {0x000001f6211eae68} 'defineClass' '(ZLjava/lang/Object;)Ljava/lang/Class;' in 'java/lang/invoke/MethodHandles$Lookup$ClassDefiner')}
  0x000001f600567d1c: c648 bae0 | f198 62f6 | 0100 0048 | 8382 8805 | 0000 014c | 8bc7 488b 

  0x000001f600567d34: ;   {optimized virtual_call}
  0x000001f600567d34: d666 90e8 

  0x000001f600567d38: ; ImmutableOopMap {[200]=Oop }
                      ;*invokevirtual dumpFailedClass {reexecute=0 rethrow=0 return_oop=0}
                      ; - java.lang.invoke.MethodHandles$Lookup$ClassDefiner::defineClass@207
  0x000001f600567d38: 446d 730f 

  0x000001f600567d3c: ;   {other}
  0x000001f600567d3c: 0f1f 8400 | ac0a 0004 | 488b 8424 | c800 0000 | e974 0200 

  0x000001f600567d50: ;   {metadata({method} {0x000001f6211eae68} 'defineClass' '(ZLjava/lang/Object;)Ljava/lang/Class;' in 'java/lang/invoke/MethodHandles$Lookup$ClassDefiner')}
  0x000001f600567d50: 0049 ba60 | ae1e 21f6 | 0100 004c | 8954 2408 | 48c7 0424 | ffff ffff 

  0x000001f600567d68: ;   {runtime_call counter_overflow Runtime1 stub}
  0x000001f600567d68: e893 a17f 

  0x000001f600567d6c: ; ImmutableOopMap {rdx=Oop r9=Oop [152]=Oop [184]=Oop }
                      ;*synchronization entry
                      ; - java.lang.invoke.MethodHandles$Lookup$ClassDefiner::defineClass@-1
  0x000001f600567d6c: 0fe9 2cf8 

  0x000001f600567d70: ;   {runtime_call throw_null_pointer_exception Runtime1 stub}
  0x000001f600567d70: ffff e889 

  0x000001f600567d74: ; ImmutableOopMap {rdx=Oop r9=Oop rsi=Oop [144]=Oop [152]=Oop [184]=Oop }
                      ;*invokevirtual lookupClass {reexecute=0 rethrow=0 return_oop=0}
                      ; - java.lang.invoke.MethodHandles$Lookup$ClassDefiner::defineClass@4
                      ;   {runtime_call throw_null_pointer_exception Runtime1 stub}
  0x000001f600567d74: 3b7f 0fe8 

  0x000001f600567d78: ; ImmutableOopMap {rdx=Oop r9=Oop rsi=Oop rdi=Oop [144]=Oop [152]=Oop [168]=Oop [184]=Oop }
                      ;*invokevirtual getClassLoader {reexecute=0 rethrow=0 return_oop=0}
                      ; - java.lang.invoke.MethodHandles$Lookup$ClassDefiner::defineClass@9
  0x000001f600567d78: 843b 7f0f 

  0x000001f600567d7c: ;   {metadata({method} {0x000001f621468e60} 'getClassLoader' '()Ljava/lang/ClassLoader;' in 'java/lang/Class')}
  0x000001f600567d7c: 49ba 588e | 4621 f601 | 0000 4c89 | 5424 0848 | c704 24ff 

  0x000001f600567d90: ;   {runtime_call counter_overflow Runtime1 stub}
  0x000001f600567d90: ffff ffe8 

  0x000001f600567d94: ; ImmutableOopMap {rdx=Oop r9=Oop rsi=Oop rdi=Oop [144]=Oop [152]=Oop [168]=Oop [184]=Oop }
                      ;*synchronization entry
                      ; - java.lang.Class::getClassLoader@-1
                      ; - java.lang.invoke.MethodHandles$Lookup$ClassDefiner::defineClass@9
  0x000001f600567d94: 68a1 7f0f | e975 f8ff 

  0x000001f600567d9c: ;   {metadata({method} {0x000001f62101b1d0} 'getSecurityManager' '()Ljava/lang/SecurityManager;' in 'java/lang/System')}
  0x000001f600567d9c: ff49 bac8 | b101 21f6 | 0100 004c | 8954 2408 | 48c7 0424 | ffff ffff 

  0x000001f600567db4: ;   {runtime_call counter_overflow Runtime1 stub}
  0x000001f600567db4: e847 a17f 

  0x000001f600567db8: ; ImmutableOopMap {rdx=Oop r9=Oop rsi=Oop rdi=Oop rbx=Oop [144]=Oop [152]=Oop [168]=Oop [184]=Oop }
                      ;*synchronization entry
                      ; - java.lang.System::getSecurityManager@-1
                      ; - java.lang.Class::getClassLoader@11
                      ; - java.lang.invoke.MethodHandles$Lookup$ClassDefiner::defineClass@9
  0x000001f600567db8: 0fe9 d2f8 

  0x000001f600567dbc: ;   {metadata({method} {0x000001f62101b2e8} 'allowSecurityManager' '()Z' in 'java/lang/System')}
  0x000001f600567dbc: ffff 49ba | e0b2 0121 | f601 0000 | 4c89 5424 | 0848 c704 | 24ff ffff 

  0x000001f600567dd4: ;   {runtime_call counter_overflow Runtime1 stub}
  0x000001f600567dd4: ffe8 26a1 

  0x000001f600567dd8: ; ImmutableOopMap {rdx=Oop r9=Oop rsi=Oop rdi=Oop rbx=Oop [144]=Oop [152]=Oop [168]=Oop [184]=Oop }
                      ;*synchronization entry
                      ; - java.lang.System::allowSecurityManager@-1
                      ; - java.lang.System::getSecurityManager@0
                      ; - java.lang.Class::getClassLoader@11
                      ; - java.lang.invoke.MethodHandles$Lookup$ClassDefiner::defineClass@9
  0x000001f600567dd8: 7f0f e9ea 

  0x000001f600567ddc: ;   {metadata({method} {0x000001f6213e0578} 'lookupClassProtectionDomain' '()Ljava/security/ProtectionDomain;' in 'java/lang/invoke/MethodHandles$Lookup')}
  0x000001f600567ddc: f8ff ff49 | ba70 053e | 21f6 0100 | 004c 8954 | 2408 48c7 | 0424 ffff 

  0x000001f600567df4: ;   {runtime_call counter_overflow Runtime1 stub}
  0x000001f600567df4: ffff e805 

  0x000001f600567df8: ; ImmutableOopMap {rdx=Oop r9=Oop rsi=Oop rdi=Oop rbx=Oop [144]=Oop [152]=Oop [168]=Oop [184]=Oop }
                      ;*synchronization entry
                      ; - java.lang.invoke.MethodHandles$Lookup::lookupClassProtectionDomain@-1
                      ; - java.lang.invoke.MethodHandles$Lookup$ClassDefiner::defineClass@23
  0x000001f600567df8: a17f 0fe9 | 64f9 ffff 

  0x000001f600567e00: ;   {metadata({method} {0x000001f621473b88} 'getJavaLangAccess' '()Ljdk/internal/access/JavaLangAccess;' in 'jdk/internal/access/SharedSecrets')}
  0x000001f600567e00: 49ba 803b | 4721 f601 | 0000 4c89 | 5424 0848 | c704 24ff 

  0x000001f600567e14: ;   {runtime_call counter_overflow Runtime1 stub}
  0x000001f600567e14: ffff ffe8 

  0x000001f600567e18: ; ImmutableOopMap {rsi=Oop [144]=Oop [152]=Oop [160]=Oop [168]=Oop [184]=Oop }
                      ;*synchronization entry
                      ; - jdk.internal.access.SharedSecrets::getJavaLangAccess@-1
                      ; - java.lang.invoke.MethodHandles$Lookup::lookupClassProtectionDomain@10
                      ; - java.lang.invoke.MethodHandles$Lookup$ClassDefiner::defineClass@23
  0x000001f600567e18: e4a0 7f0f | e9ba f9ff 

  0x000001f600567e20: ;   {runtime_call throw_incompatible_class_change_error Runtime1 stub}
  0x000001f600567e20: ffe8 da69 

  0x000001f600567e24: ; ImmutableOopMap {rax=Oop rcx=Oop [144]=Oop [152]=Oop [160]=Oop [168]=Oop [184]=Oop }
                      ;*invokeinterface protectionDomain {reexecute=0 rethrow=0 return_oop=0}
                      ; - java.lang.invoke.MethodHandles$Lookup::lookupClassProtectionDomain@17
                      ; - java.lang.invoke.MethodHandles$Lookup$ClassDefiner::defineClass@23
                      ;   {runtime_call throw_null_pointer_exception Runtime1 stub}
  0x000001f600567e24: 7f0f e8d5 

  0x000001f600567e28: ; ImmutableOopMap {rax=Oop rcx=Oop [144]=Oop [152]=Oop [160]=Oop [168]=Oop [184]=Oop }
                      ;*invokeinterface protectionDomain {reexecute=0 rethrow=0 return_oop=0}
                      ; - java.lang.invoke.MethodHandles$Lookup::lookupClassProtectionDomain@17
                      ; - java.lang.invoke.MethodHandles$Lookup$ClassDefiner::defineClass@23
                      ;   {metadata({method} {0x000001f6210192c8} 'protectionDomain' '(Ljava/lang/Class;)Ljava/security/ProtectionDomain;' in 'java/lang/System$2')}
  0x000001f600567e28: 3a7f 0f49 | bac0 9201 | 21f6 0100 | 004c 8954 | 2408 48c7 | 0424 ffff 

  0x000001f600567e40: ;   {runtime_call counter_overflow Runtime1 stub}
  0x000001f600567e40: ffff e8b9 

  0x000001f600567e44: ; ImmutableOopMap {rcx=Oop [144]=Oop [152]=Oop [160]=Oop [168]=Oop [184]=Oop }
                      ;*synchronization entry
                      ; - java.lang.System$2::protectionDomain@-1
                      ; - java.lang.invoke.MethodHandles$Lookup::lookupClassProtectionDomain@17
                      ; - java.lang.invoke.MethodHandles$Lookup$ClassDefiner::defineClass@23
  0x000001f600567e44: a07f 0fe9 | 29fa ffff 

  0x000001f600567e4c: ;   {runtime_call throw_null_pointer_exception Runtime1 stub}
  0x000001f600567e4c: e8af 3a7f 

  0x000001f600567e50: ; ImmutableOopMap {rcx=Oop [144]=Oop [152]=Oop [160]=Oop [168]=Oop [184]=Oop }
                      ;*invokevirtual protectionDomain {reexecute=0 rethrow=0 return_oop=0}
                      ; - java.lang.System$2::protectionDomain@1
                      ; - java.lang.invoke.MethodHandles$Lookup::lookupClassProtectionDomain@17
                      ; - java.lang.invoke.MethodHandles$Lookup$ClassDefiner::defineClass@23
                      ;   {metadata({method} {0x000001f621467bb8} 'protectionDomain' '()Ljava/security/ProtectionDomain;' in 'java/lang/Class')}
  0x000001f600567e50: 0f49 bab0 | 7b46 21f6 | 0100 004c | 8954 2408 | 48c7 0424 | ffff ffff 

  0x000001f600567e68: ;   {runtime_call counter_overflow Runtime1 stub}
  0x000001f600567e68: e893 a07f 

  0x000001f600567e6c: ; ImmutableOopMap {rcx=Oop [144]=Oop [152]=Oop [160]=Oop [168]=Oop [184]=Oop }
                      ;*synchronization entry
                      ; - java.lang.Class::protectionDomain@-1
                      ; - java.lang.System$2::protectionDomain@1
                      ; - java.lang.invoke.MethodHandles$Lookup::lookupClassProtectionDomain@17
                      ; - java.lang.invoke.MethodHandles$Lookup$ClassDefiner::defineClass@23
  0x000001f600567e6c: 0fe9 41fa 

  0x000001f600567e70: ;   {oop(nullptr)}
  0x000001f600567e70: ffff 49b8 | 0000 0000 | 0000 0000 | 5053 498b | 5810 5756 | 5251 4150 | 4151 4152 | 4153 4883 
  0x000001f600567e90: ec20 40f6 | c40f 0f84 | 1900 0000 | 4883 ec08 

  0x000001f600567ea0: ;   {runtime_call}
  0x000001f600567ea0: 48b8 a0a0 | 326c f97f | 0000 ffd0 | 4883 c408 | e90c 0000 

  0x000001f600567eb4: ;   {runtime_call}
  0x000001f600567eb4: 0048 b8a0 | a032 6cf9 | 7f00 00ff | d048 83c4 | 2041 5b41 | 5a41 5941 | 5859 5a5e | 5f48 3b83 
  0x000001f600567ed4: 3801 0000 | 5b58 0f85 | 0a00 0000 | e935 faff | ffb8 0078 

  0x000001f600567ee8: ;   {runtime_call load_mirror_patching Runtime1 stub}
  0x000001f600567ee8: 6e0a e811 

  0x000001f600567eec: ; ImmutableOopMap {[144]=Oop [152]=Oop [160]=Oop [168]=Oop [184]=Oop }
                      ;*getstatic allPermDomain {reexecute=1 rethrow=0 return_oop=0}
                      ; - (reexecute) java.lang.Class::protectionDomain@9
                      ; - java.lang.System$2::protectionDomain@1
                      ; - java.lang.invoke.MethodHandles$Lookup::lookupClassProtectionDomain@17
                      ; - java.lang.invoke.MethodHandles$Lookup$ClassDefiner::defineClass@23
  0x000001f600567eec: 947f 0fe9 | 1cfa ffff 

  0x000001f600567ef4: ;   {runtime_call throw_null_pointer_exception Runtime1 stub}
  0x000001f600567ef4: e807 3a7f 

  0x000001f600567ef8: ; ImmutableOopMap {r8=Oop [144]=Oop [152]=Oop [160]=Oop [168]=Oop [184]=Oop }
                      ;*getstatic allPermDomain {reexecute=1 rethrow=0 return_oop=0}
                      ; - (reexecute) java.lang.Class::protectionDomain@9
                      ; - java.lang.System$2::protectionDomain@1
                      ; - java.lang.invoke.MethodHandles$Lookup::lookupClassProtectionDomain@17
                      ; - java.lang.invoke.MethodHandles$Lookup$ClassDefiner::defineClass@23
  0x000001f600567ef8: 0f45 8b80 | 0000 0000 | b800 0c05 

  0x000001f600567f04: ;   {runtime_call access_field_patching Runtime1 stub}
  0x000001f600567f04: 07e8 f67d 

  0x000001f600567f08: ; ImmutableOopMap {r8=Oop [144]=Oop [152]=Oop [160]=Oop [168]=Oop [184]=Oop }
                      ;*getstatic allPermDomain {reexecute=1 rethrow=0 return_oop=0}
                      ; - (reexecute) java.lang.Class::protectionDomain@9
                      ; - java.lang.System$2::protectionDomain@1
                      ; - java.lang.invoke.MethodHandles$Lookup::lookupClassProtectionDomain@17
                      ; - java.lang.invoke.MethodHandles$Lookup$ClassDefiner::defineClass@23
  0x000001f600567f08: 7f0f e911 | faff ff44 | 8b4e 1849 | c1e1 0349 | 83f9 000f | 8428 faff | ff4c 890c 

  0x000001f600567f24: ;   {runtime_call g1_pre_barrier_slow}
  0x000001f600567f24: 24e8 d6a5 | 7f0f e91a | faff ff49 | 83f8 000f | 8435 faff | ff48 8934 

  0x000001f600567f3c: ;   {runtime_call g1_post_barrier_slow}
  0x000001f600567f3c: 24e8 bea8 | 7f0f e927 

  0x000001f600567f44: ;   {metadata({method} {0x000001f621473b88} 'getJavaLangAccess' '()Ljdk/internal/access/JavaLangAccess;' in 'jdk/internal/access/SharedSecrets')}
  0x000001f600567f44: faff ff49 | ba80 3b47 | 21f6 0100 | 004c 8954 | 2408 48c7 | 0424 ffff 

  0x000001f600567f5c: ;   {runtime_call counter_overflow Runtime1 stub}
  0x000001f600567f5c: ffff e89d 

  0x000001f600567f60: ; ImmutableOopMap {rax=Oop rdi=Oop rbx=Oop rdx=Oop [152]=Oop [168]=Oop [184]=Oop }
                      ;*synchronization entry
                      ; - jdk.internal.access.SharedSecrets::getJavaLangAccess@-1
                      ; - java.lang.invoke.MethodHandles$Lookup$ClassDefiner::defineClass@35
  0x000001f600567f60: 9f7f 0fe9 | 87fa ffff 

  0x000001f600567f68: ;   {runtime_call throw_incompatible_class_change_error Runtime1 stub}
  0x000001f600567f68: e893 687f 

  0x000001f600567f6c: ; ImmutableOopMap {rax=Oop rdi=Oop rbx=Oop r14=Oop rsi=Oop rcx=Oop [152]=Oop [168]=Oop [184]=Oop }
                      ;*invokeinterface defineClass {reexecute=0 rethrow=0 return_oop=0}
                      ; - java.lang.invoke.MethodHandles$Lookup$ClassDefiner::defineClass@57
                      ;   {runtime_call throw_null_pointer_exception Runtime1 stub}
  0x000001f600567f6c: 0fe8 8e39 

  0x000001f600567f70: ; ImmutableOopMap {rax=Oop rdi=Oop rbx=Oop r14=Oop rsi=Oop rcx=Oop [152]=Oop [168]=Oop [184]=Oop }
                      ;*invokeinterface defineClass {reexecute=0 rethrow=0 return_oop=0}
                      ; - java.lang.invoke.MethodHandles$Lookup$ClassDefiner::defineClass@57
                      ;   {runtime_call throw_null_pointer_exception Runtime1 stub}
  0x000001f600567f70: 7f0f e889 

  0x000001f600567f74: ; ImmutableOopMap {rax=Oop rdx=Oop rsi=Oop [152]=Oop }
                      ;*invokevirtual isEnabled {reexecute=0 rethrow=0 return_oop=0}
                      ; - java.lang.invoke.MethodHandles$Lookup$ClassDefiner::defineClass@105
                      ;   {runtime_call throw_null_pointer_exception Runtime1 stub}
  0x000001f600567f74: 397f 0fe8 

  0x000001f600567f78: ; ImmutableOopMap {rdx=Oop rax=Oop rsi=Oop [152]=Oop }
                      ;*invokevirtual isEnabled {reexecute=0 rethrow=0 return_oop=0}
                      ; - java.lang.invoke.MethodHandles$Lookup$ClassDefiner::defineClass@162
  0x000001f600567f78: 8439 7f0f 

  0x000001f600567f7c: ;   {internal_word}
  0x000001f600567f7c: 49ba ad7c | 5600 f601 | 0000 4d89 | 9768 0400 

  0x000001f600567f8c: ;   {runtime_call SafepointBlob}
  0x000001f600567f8c: 00e9 eed4 

  0x000001f600567f90: ;   {internal_word}
  0x000001f600567f90: 730f 49ba | 047d 5600 | f601 0000 | 4d89 9768 

  0x000001f600567fa0: ;   {runtime_call SafepointBlob}
  0x000001f600567fa0: 0400 00e9 | d8d4 730f | 498b 8700 | 0500 0049 | c787 0005 | 0000 0000 | 0000 49c7 | 8708 0500 
  0x000001f600567fc0: 0000 0000 | 0048 81c4 | e000 0000 

  0x000001f600567fcc: ;   {runtime_call unwind_exception Runtime1 stub}
  0x000001f600567fcc: 5de9 2e1a | 7f0f f4f4 | f4f4 f4f4 
[Stub Code]
  0x000001f600567fd8: ;   {no_reloc}
  0x000001f600567fd8: 0f1f 4400 

  0x000001f600567fdc: ;   {static_stub}
  0x000001f600567fdc: 0048 bb80 | 9501 21f6 

  0x000001f600567fe4: ;   {runtime_call I2C/C2I adapters}
  0x000001f600567fe4: 0100 00e9 | 2a2c 740f 

  0x000001f600567fec: ;   {static_stub}
  0x000001f600567fec: 48bb 487b | 4621 f601 

  0x000001f600567ff4: ;   {runtime_call I2C/C2I adapters}
  0x000001f600567ff4: 0000 e968 

  0x000001f600567ff8: ;   {static_stub}
  0x000001f600567ff8: b473 0f48 | bb00 0000 | 0000 0000 

  0x000001f600568004: ;   {runtime_call nmethod}
  0x000001f600568004: 00e9 fbff 

  0x000001f600568008: ;   {static_stub}
  0x000001f600568008: ffff 48bb | 0000 0000 | 0000 0000 

  0x000001f600568014: ;   {runtime_call nmethod}
  0x000001f600568014: e9fb ffff 

  0x000001f600568018: ;   {runtime_call handle_exception_from_callee Runtime1 stub}
  0x000001f600568018: ffe8 e25e 

  0x000001f60056801c: ;   {external_word}
  0x000001f60056801c: 7f0f 48b9 | 5063 d26c | f97f 0000 | 4883 e4f0 

  0x000001f60056802c: ;   {runtime_call}
  0x000001f60056802c: 48b8 c0c9 | 946c f97f | 0000 ffd0 

  0x000001f600568038: ;   {section_word}
  0x000001f600568038: f449 ba39 | 8056 00f6 | 0100 0041 

  0x000001f600568044: ;   {runtime_call DeoptimizationBlob}
  0x000001f600568044: 52e9 d6c6 | 730f f4f4 | f4f4 f4f4 
[/MachCode]


---------------  P R O C E S S  ---------------

Threads class SMR info:
_java_thread_list=0x000001f667a826b0, length=26, elements={
0x000001f66f6da140, 0x000001f67d850610, 0x000001f67d851270, 0x000001f67d855f20,
0x000001f67d856be0, 0x000001f67d8578c0, 0x000001f67d85c740, 0x000001f67d879550,
0x000001f67d879ff0, 0x000001f620b0ed60, 0x000001f620c6e470, 0x000001f620cc45d0,
0x000001f667794160, 0x000001f6677041a0, 0x000001f66785e7d0, 0x000001f620d2dfe0,
0x000001f620a6e760, 0x000001f620c51c40, 0x000001f620c91270, 0x000001f620c92620,
0x000001f620c91f90, 0x000001f620c8f1a0, 0x000001f620c8fec0, 0x000001f620c90550,
0x000001f620c8f830, 0x000001f620c90be0
}

Java Threads: ( => current thread )
  0x000001f66f6da140 JavaThread "main"                              [_thread_blocked, id=29252, stack(0x0000003df1d00000,0x0000003df1e00000) (1024K)]
  0x000001f67d850610 JavaThread "Reference Handler"          daemon [_thread_blocked, id=80536, stack(0x0000003df2500000,0x0000003df2600000) (1024K)]
  0x000001f67d851270 JavaThread "Finalizer"                  daemon [_thread_blocked, id=83952, stack(0x0000003df2600000,0x0000003df2700000) (1024K)]
  0x000001f67d855f20 JavaThread "Signal Dispatcher"          daemon [_thread_blocked, id=75580, stack(0x0000003df2700000,0x0000003df2800000) (1024K)]
  0x000001f67d856be0 JavaThread "Attach Listener"            daemon [_thread_blocked, id=72804, stack(0x0000003df2800000,0x0000003df2900000) (1024K)]
  0x000001f67d8578c0 JavaThread "Service Thread"             daemon [_thread_blocked, id=43944, stack(0x0000003df2900000,0x0000003df2a00000) (1024K)]
  0x000001f67d85c740 JavaThread "Monitor Deflation Thread"   daemon [_thread_blocked, id=34252, stack(0x0000003df2a00000,0x0000003df2b00000) (1024K)]
  0x000001f67d879550 JavaThread "C2 CompilerThread0"         daemon [_thread_in_native, id=71040, stack(0x0000003df2b00000,0x0000003df2c00000) (1024K)]
  0x000001f67d879ff0 JavaThread "C1 CompilerThread0"         daemon [_thread_blocked, id=6352, stack(0x0000003df2c00000,0x0000003df2d00000) (1024K)]
  0x000001f620b0ed60 JavaThread "C1 CompilerThread1"         daemon [_thread_blocked, id=34996, stack(0x0000003df2d00000,0x0000003df2e00000) (1024K)]
  0x000001f620c6e470 JavaThread "Common-Cleaner"             daemon [_thread_blocked, id=62400, stack(0x0000003df3000000,0x0000003df3100000) (1024K)]
  0x000001f620cc45d0 JavaThread "Notification Thread"        daemon [_thread_blocked, id=32860, stack(0x0000003df3100000,0x0000003df3200000) (1024K)]
  0x000001f667794160 JavaThread "Daemon health stats"               [_thread_blocked, id=39644, stack(0x0000003df3200000,0x0000003df3300000) (1024K)]
  0x000001f6677041a0 JavaThread "Incoming local TCP Connector on port 58622"        [_thread_in_native, id=61764, stack(0x0000003df3800000,0x0000003df3900000) (1024K)]
  0x000001f66785e7d0 JavaThread "Daemon periodic checks"            [_thread_blocked, id=6712, stack(0x0000003df3900000,0x0000003df3a00000) (1024K)]
  0x000001f620d2dfe0 JavaThread "Daemon"                            [_thread_blocked, id=69340, stack(0x0000003df3a00000,0x0000003df3b00000) (1024K)]
  0x000001f620a6e760 JavaThread "Handler for socket connection from /127.0.0.1:58622 to /127.0.0.1:58623"        [_thread_in_native, id=70720, stack(0x0000003df3b00000,0x0000003df3c00000) (1024K)]
  0x000001f620c51c40 JavaThread "Cancel handler"                    [_thread_blocked, id=4696, stack(0x0000003df3c00000,0x0000003df3d00000) (1024K)]
=>0x000001f620c91270 JavaThread "Daemon worker"                     [_thread_in_vm, id=14320, stack(0x0000003df3d00000,0x0000003df3e00000) (1024K)]
  0x000001f620c92620 JavaThread "Asynchronous log dispatcher for DefaultDaemonConnection: socket connection from /127.0.0.1:58622 to /127.0.0.1:58623"        [_thread_blocked, id=34704, stack(0x0000003df3e00000,0x0000003df3f00000) (1024K)]
  0x000001f620c91f90 JavaThread "Stdin handler"                     [_thread_blocked, id=52712, stack(0x0000003df3f00000,0x0000003df4000000) (1024K)]
  0x000001f620c8f1a0 JavaThread "Daemon client event forwarder"        [_thread_blocked, id=60844, stack(0x0000003df4000000,0x0000003df4100000) (1024K)]
  0x000001f620c8fec0 JavaThread "Cache worker for journal cache (C:\Users\AJI\.gradle\caches\journal-1)"        [_thread_blocked, id=8120, stack(0x0000003df4100000,0x0000003df4200000) (1024K)]
  0x000001f620c90550 JavaThread "File lock request listener"        [_thread_in_native, id=62640, stack(0x0000003df4200000,0x0000003df4300000) (1024K)]
  0x000001f620c8f830 JavaThread "Cache worker for file hash cache (C:\Users\AJI\.gradle\caches\9.1.0\fileHashes)"        [_thread_blocked, id=64648, stack(0x0000003df4300000,0x0000003df4400000) (1024K)]
  0x000001f620c90be0 JavaThread "File lock release action executor"        [_thread_blocked, id=75684, stack(0x0000003df4400000,0x0000003df4500000) (1024K)]
Total: 26

Other Threads:
  0x000001f67d8328f0 VMThread "VM Thread"                           [id=64104, stack(0x0000003df2400000,0x0000003df2500000) (1024K)]
  0x000001f620a119e0 WatcherThread "VM Periodic Task Thread"        [id=63056, stack(0x0000003df2300000,0x0000003df2400000) (1024K)]
  0x000001f66f785f40 WorkerThread "GC Thread#0"                     [id=43316, stack(0x0000003df1e00000,0x0000003df1f00000) (1024K)]
  0x000001f67d832540 WorkerThread "GC Thread#1"                     [id=32104, stack(0x0000003df3300000,0x0000003df3400000) (1024K)]
  0x000001f67d832ca0 WorkerThread "GC Thread#2"                     [id=68420, stack(0x0000003df3400000,0x0000003df3500000) (1024K)]
  0x000001f67d833050 WorkerThread "GC Thread#3"                     [id=47100, stack(0x0000003df3500000,0x0000003df3600000) (1024K)]
  0x000001f67d833400 WorkerThread "GC Thread#4"                     [id=58420, stack(0x0000003df3600000,0x0000003df3700000) (1024K)]
  0x000001f67d8337b0 WorkerThread "GC Thread#5"                     [id=67732, stack(0x0000003df3700000,0x0000003df3800000) (1024K)]
  0x000001f66d25dfe0 ConcurrentGCThread "G1 Main Marker"            [id=68428, stack(0x0000003df1f00000,0x0000003df2000000) (1024K)]
  0x000001f66d25eb60 WorkerThread "G1 Conc#0"                       [id=27228, stack(0x0000003df2000000,0x0000003df2100000) (1024K)]
  0x000001f67d772e40 ConcurrentGCThread "G1 Refine#0"               [id=82720, stack(0x0000003df2100000,0x0000003df2200000) (1024K)]
  0x000001f67d7738d0 ConcurrentGCThread "G1 Service"                [id=14288, stack(0x0000003df2200000,0x0000003df2300000) (1024K)]
Total: 12

Threads with active compile tasks:
C2 CompilerThread0  13177 3162       4       java.lang.invoke.MethodType::makeImpl (109 bytes)
Total: 1

VM state: not at safepoint (normal execution)

VM Mutex/Monitor currently owned by a thread: None

Heap address: 0x0000000600000000, size: 8192 MB, Compressed Oops mode: Zero based, Oop shift amount: 3

CDS archive(s) mapped at: [0x000001f621000000-0x000001f621ba0000-0x000001f621ba0000), size 12189696, SharedBaseAddress: 0x000001f621000000, ArchiveRelocationMode: 1.
Compressed class space mapped at: 0x000001f622000000-0x000001f662000000, reserved size: 1073741824
Narrow klass base: 0x000001f621000000, Narrow klass shift: 0, Narrow klass range: 0x100000000

GC Precious Log:
 CardTable entry size: 512
 Card Set container configuration: InlinePtr #cards 4 size 8 Array Of Cards #cards 32 size 80 Howl #buckets 8 coarsen threshold 7372 Howl Bitmap #cards 1024 size 144 coarsen threshold 921 Card regions per heap region 1 cards per card region 8192
 CPUs: 20 total, 20 available
 Memory: 16068M
 Large Page Support: Disabled
 NUMA Support: Disabled
 Compressed Oops: Enabled (Zero based)
 Heap Region Size: 4M
 Heap Min Capacity: 8M
 Heap Initial Capacity: 252M
 Heap Max Capacity: 8G
 Pre-touch: Disabled
 Parallel Workers: 15
 Concurrent Workers: 4
 Concurrent Refinement Workers: 15
 Periodic GC: Disabled

Heap:
 garbage-first heap   total 258048K, used 118212K [0x0000000600000000, 0x0000000800000000)
  region size 4096K, 30 young (122880K), 2 survivors (8192K)
 Metaspace       used 16894K, committed 17472K, reserved 1114112K
  class space    used 2354K, committed 2624K, reserved 1048576K

Heap Regions: E=young(eden), S=young(survivor), O=old, HS=humongous(starts), HC=humongous(continues), CS=collection set, F=free, TAMS=top-at-mark-start, PB=parsable bottom
|   0|0x0000000600000000, 0x0000000600400000, 0x0000000600400000|100%|HS|  |TAMS 0x0000000600000000| PB 0x0000000600000000| Complete 
|   1|0x0000000600400000, 0x0000000600400000, 0x0000000600800000|  0%| F|  |TAMS 0x0000000600400000| PB 0x0000000600400000| Untracked 
|   2|0x0000000600800000, 0x0000000600800000, 0x0000000600c00000|  0%| F|  |TAMS 0x0000000600800000| PB 0x0000000600800000| Untracked 
|   3|0x0000000600c00000, 0x0000000600c00000, 0x0000000601000000|  0%| F|  |TAMS 0x0000000600c00000| PB 0x0000000600c00000| Untracked 
|   4|0x0000000601000000, 0x0000000601000000, 0x0000000601400000|  0%| F|  |TAMS 0x0000000601000000| PB 0x0000000601000000| Untracked 
|   5|0x0000000601400000, 0x0000000601400000, 0x0000000601800000|  0%| F|  |TAMS 0x0000000601400000| PB 0x0000000601400000| Untracked 
|   6|0x0000000601800000, 0x0000000601800000, 0x0000000601c00000|  0%| F|  |TAMS 0x0000000601800000| PB 0x0000000601800000| Untracked 
|   7|0x0000000601c00000, 0x0000000601c00000, 0x0000000602000000|  0%| F|  |TAMS 0x0000000601c00000| PB 0x0000000601c00000| Untracked 
|   8|0x0000000602000000, 0x0000000602000000, 0x0000000602400000|  0%| F|  |TAMS 0x0000000602000000| PB 0x0000000602000000| Untracked 
|   9|0x0000000602400000, 0x0000000602400000, 0x0000000602800000|  0%| F|  |TAMS 0x0000000602400000| PB 0x0000000602400000| Untracked 
|  10|0x0000000602800000, 0x0000000602800000, 0x0000000602c00000|  0%| F|  |TAMS 0x0000000602800000| PB 0x0000000602800000| Untracked 
|  11|0x0000000602c00000, 0x0000000602c00000, 0x0000000603000000|  0%| F|  |TAMS 0x0000000602c00000| PB 0x0000000602c00000| Untracked 
|  12|0x0000000603000000, 0x0000000603000000, 0x0000000603400000|  0%| F|  |TAMS 0x0000000603000000| PB 0x0000000603000000| Untracked 
|  13|0x0000000603400000, 0x0000000603400000, 0x0000000603800000|  0%| F|  |TAMS 0x0000000603400000| PB 0x0000000603400000| Untracked 
|  14|0x0000000603800000, 0x0000000603800000, 0x0000000603c00000|  0%| F|  |TAMS 0x0000000603800000| PB 0x0000000603800000| Untracked 
|  15|0x0000000603c00000, 0x0000000603c00000, 0x0000000604000000|  0%| F|  |TAMS 0x0000000603c00000| PB 0x0000000603c00000| Untracked 
|  16|0x0000000604000000, 0x0000000604000000, 0x0000000604400000|  0%| F|  |TAMS 0x0000000604000000| PB 0x0000000604000000| Untracked 
|  17|0x0000000604400000, 0x0000000604400000, 0x0000000604800000|  0%| F|  |TAMS 0x0000000604400000| PB 0x0000000604400000| Untracked 
|  18|0x0000000604800000, 0x0000000604800000, 0x0000000604c00000|  0%| F|  |TAMS 0x0000000604800000| PB 0x0000000604800000| Untracked 
|  19|0x0000000604c00000, 0x0000000604c00000, 0x0000000605000000|  0%| F|  |TAMS 0x0000000604c00000| PB 0x0000000604c00000| Untracked 
|  20|0x0000000605000000, 0x0000000605000000, 0x0000000605400000|  0%| F|  |TAMS 0x0000000605000000| PB 0x0000000605000000| Untracked 
|  21|0x0000000605400000, 0x0000000605400000, 0x0000000605800000|  0%| F|  |TAMS 0x0000000605400000| PB 0x0000000605400000| Untracked 
|  22|0x0000000605800000, 0x0000000605800000, 0x0000000605c00000|  0%| F|  |TAMS 0x0000000605800000| PB 0x0000000605800000| Untracked 
|  23|0x0000000605c00000, 0x0000000605c00000, 0x0000000606000000|  0%| F|  |TAMS 0x0000000605c00000| PB 0x0000000605c00000| Untracked 
|  24|0x0000000606000000, 0x0000000606000000, 0x0000000606400000|  0%| F|  |TAMS 0x0000000606000000| PB 0x0000000606000000| Untracked 
|  25|0x0000000606400000, 0x0000000606400000, 0x0000000606800000|  0%| F|  |TAMS 0x0000000606400000| PB 0x0000000606400000| Untracked 
|  26|0x0000000606800000, 0x0000000606800000, 0x0000000606c00000|  0%| F|  |TAMS 0x0000000606800000| PB 0x0000000606800000| Untracked 
|  27|0x0000000606c00000, 0x0000000606c00000, 0x0000000607000000|  0%| F|  |TAMS 0x0000000606c00000| PB 0x0000000606c00000| Untracked 
|  28|0x0000000607000000, 0x0000000607000000, 0x0000000607400000|  0%| F|  |TAMS 0x0000000607000000| PB 0x0000000607000000| Untracked 
|  29|0x0000000607400000, 0x0000000607400000, 0x0000000607800000|  0%| F|  |TAMS 0x0000000607400000| PB 0x0000000607400000| Untracked 
|  30|0x0000000607800000, 0x0000000607800000, 0x0000000607c00000|  0%| F|  |TAMS 0x0000000607800000| PB 0x0000000607800000| Untracked 
|  31|0x0000000607c00000, 0x0000000607c00000, 0x0000000608000000|  0%| F|  |TAMS 0x0000000607c00000| PB 0x0000000607c00000| Untracked 
|  32|0x0000000608000000, 0x0000000608000000, 0x0000000608400000|  0%| F|  |TAMS 0x0000000608000000| PB 0x0000000608000000| Untracked 
|  33|0x0000000608400000, 0x00000006087ee0c8, 0x0000000608800000| 98%| E|  |TAMS 0x0000000608400000| PB 0x0000000608400000| Complete 
|  34|0x0000000608800000, 0x0000000608c00000, 0x0000000608c00000|100%| E|CS|TAMS 0x0000000608800000| PB 0x0000000608800000| Complete 
|  35|0x0000000608c00000, 0x0000000609000000, 0x0000000609000000|100%| E|CS|TAMS 0x0000000608c00000| PB 0x0000000608c00000| Complete 
|  36|0x0000000609000000, 0x0000000609400000, 0x0000000609400000|100%| E|  |TAMS 0x0000000609000000| PB 0x0000000609000000| Complete 
|  37|0x0000000609400000, 0x0000000609800000, 0x0000000609800000|100%| E|CS|TAMS 0x0000000609400000| PB 0x0000000609400000| Complete 
|  38|0x0000000609800000, 0x0000000609c00000, 0x0000000609c00000|100%| E|CS|TAMS 0x0000000609800000| PB 0x0000000609800000| Complete 
|  39|0x0000000609c00000, 0x000000060a000000, 0x000000060a000000|100%| E|CS|TAMS 0x0000000609c00000| PB 0x0000000609c00000| Complete 
|  40|0x000000060a000000, 0x000000060a400000, 0x000000060a400000|100%| E|CS|TAMS 0x000000060a000000| PB 0x000000060a000000| Complete 
|  41|0x000000060a400000, 0x000000060a800000, 0x000000060a800000|100%| E|CS|TAMS 0x000000060a400000| PB 0x000000060a400000| Complete 
|  42|0x000000060a800000, 0x000000060ac00000, 0x000000060ac00000|100%| E|CS|TAMS 0x000000060a800000| PB 0x000000060a800000| Complete 
|  43|0x000000060ac00000, 0x000000060b000000, 0x000000060b000000|100%| E|CS|TAMS 0x000000060ac00000| PB 0x000000060ac00000| Complete 
|  44|0x000000060b000000, 0x000000060b400000, 0x000000060b400000|100%| E|CS|TAMS 0x000000060b000000| PB 0x000000060b000000| Complete 
|  45|0x000000060b400000, 0x000000060b800000, 0x000000060b800000|100%| E|CS|TAMS 0x000000060b400000| PB 0x000000060b400000| Complete 
|  46|0x000000060b800000, 0x000000060bc00000, 0x000000060bc00000|100%| E|CS|TAMS 0x000000060b800000| PB 0x000000060b800000| Complete 
|  47|0x000000060bc00000, 0x000000060c000000, 0x000000060c000000|100%| E|CS|TAMS 0x000000060bc00000| PB 0x000000060bc00000| Complete 
|  48|0x000000060c000000, 0x000000060c400000, 0x000000060c400000|100%| E|CS|TAMS 0x000000060c000000| PB 0x000000060c000000| Complete 
|  49|0x000000060c400000, 0x000000060c800000, 0x000000060c800000|100%| E|CS|TAMS 0x000000060c400000| PB 0x000000060c400000| Complete 
|  50|0x000000060c800000, 0x000000060cb71360, 0x000000060cc00000| 86%| S|CS|TAMS 0x000000060c800000| PB 0x000000060c800000| Complete 
|  51|0x000000060cc00000, 0x000000060d000000, 0x000000060d000000|100%| S|CS|TAMS 0x000000060cc00000| PB 0x000000060cc00000| Complete 
|  52|0x000000060d000000, 0x000000060d400000, 0x000000060d400000|100%| E|CS|TAMS 0x000000060d000000| PB 0x000000060d000000| Complete 
|  53|0x000000060d400000, 0x000000060d800000, 0x000000060d800000|100%| E|CS|TAMS 0x000000060d400000| PB 0x000000060d400000| Complete 
|  54|0x000000060d800000, 0x000000060dc00000, 0x000000060dc00000|100%| E|CS|TAMS 0x000000060d800000| PB 0x000000060d800000| Complete 
|  55|0x000000060dc00000, 0x000000060e000000, 0x000000060e000000|100%| E|CS|TAMS 0x000000060dc00000| PB 0x000000060dc00000| Complete 
|  56|0x000000060e000000, 0x000000060e400000, 0x000000060e400000|100%| E|CS|TAMS 0x000000060e000000| PB 0x000000060e000000| Complete 
|  57|0x000000060e400000, 0x000000060e800000, 0x000000060e800000|100%| E|CS|TAMS 0x000000060e400000| PB 0x000000060e400000| Complete 
|  58|0x000000060e800000, 0x000000060ec00000, 0x000000060ec00000|100%| E|CS|TAMS 0x000000060e800000| PB 0x000000060e800000| Complete 
|  59|0x000000060ec00000, 0x000000060f000000, 0x000000060f000000|100%| E|CS|TAMS 0x000000060ec00000| PB 0x000000060ec00000| Complete 
|  60|0x000000060f000000, 0x000000060f400000, 0x000000060f400000|100%| E|CS|TAMS 0x000000060f000000| PB 0x000000060f000000| Complete 
|  61|0x000000060f400000, 0x000000060f800000, 0x000000060f800000|100%| E|CS|TAMS 0x000000060f400000| PB 0x000000060f400000| Complete 
|  62|0x000000060f800000, 0x000000060fc00000, 0x000000060fc00000|100%| E|CS|TAMS 0x000000060f800000| PB 0x000000060f800000| Complete 

Card table byte_map: [0x000001f674590000,0x000001f675590000] _byte_map_base: 0x000001f671590000

Marking Bits: (CMBitMap*) 0x000001f66f786560
 Bits: [0x000001f675590000, 0x000001f67d590000)

Polling page: 0x000001f66d140000

Metaspace:

Usage:
  Non-class:     14.20 MB used.
      Class:      2.30 MB used.
       Both:     16.50 MB used.

Virtual space:
  Non-class space:       64.00 MB reserved,      14.50 MB ( 23%) committed,  1 nodes.
      Class space:        1.00 GB reserved,       2.56 MB ( <1%) committed,  1 nodes.
             Both:        1.06 GB reserved,      17.06 MB (  2%) committed. 

Chunk freelists:
   Non-Class:  1.16 MB
       Class:  13.48 MB
        Both:  14.64 MB

MaxMetaspaceSize: 4.00 GB
CompressedClassSpaceSize: 1.00 GB
Initial GC threshold: 21.00 MB
Current GC threshold: 21.00 MB
CDS: on
 - commit_granule_bytes: 65536.
 - commit_granule_words: 8192.
 - virtual_space_node_default_size: 8388608.
 - enlarge_chunks_in_place: 1.
 - use_allocation_guard: 0.


Internal statistics:

num_allocs_failed_limit: 0.
num_arena_births: 676.
num_arena_deaths: 0.
num_vsnodes_births: 2.
num_vsnodes_deaths: 0.
num_space_committed: 273.
num_space_uncommitted: 0.
num_chunks_returned_to_freelist: 0.
num_chunks_taken_from_freelist: 1279.
num_chunk_merges: 0.
num_chunk_splits: 840.
num_chunks_enlarged: 574.
num_inconsistent_stats: 0.

CodeHeap 'non-profiled nmethods': size=258432Kb used=1516Kb max_used=1516Kb free=256915Kb
 bounds [0x000001f6103a0000, 0x000001f610610000, 0x000001f620000000]
CodeHeap 'profiled nmethods': size=258368Kb used=6400Kb max_used=6400Kb free=251967Kb
 bounds [0x000001f600000000, 0x000001f600650000, 0x000001f60fc50000]
CodeHeap 'non-nmethods': size=7488Kb used=1966Kb max_used=3133Kb free=5522Kb
 bounds [0x000001f60fc50000, 0x000001f60ff70000, 0x000001f6103a0000]
CodeCache: size=524288Kb, used=9882Kb, max_used=11049Kb, free=514404Kb
 total_blobs=3763, nmethods=3199, adapters=467, full_count=0
Compilation: enabled, stopped_count=0, restarted_count=0

Compilation events (20 events):
Event: 12.692 Thread 0x000001f67d879ff0 nmethod 3184 0x000001f600639d90 code [0x000001f60063a060, 0x000001f60063ac28]
Event: 12.692 Thread 0x000001f620b0ed60 nmethod 3185 0x000001f60063b110 code [0x000001f60063b380, 0x000001f60063bad8]
Event: 12.692 Thread 0x000001f67d879ff0 3186       3       java.lang.invoke.LambdaForm$NamedFunction::<init> (10 bytes)
Event: 12.692 Thread 0x000001f67d879550 nmethod 3154 0x000001f610517710 code [0x000001f6105179e0, 0x000001f610518a50]
Event: 12.692 Thread 0x000001f67d879550 3156       4       java.util.Arrays::equals (57 bytes)
Event: 12.692 Thread 0x000001f67d879ff0 nmethod 3186 0x000001f60063be10 code [0x000001f60063bfe0, 0x000001f60063c348]
Event: 12.695 Thread 0x000001f67d879550 nmethod 3156 0x000001f610519610 code [0x000001f6105197a0, 0x000001f610519968]
Event: 12.695 Thread 0x000001f67d879550 3162       4       java.lang.invoke.MethodType::makeImpl (109 bytes)
Event: 12.698 Thread 0x000001f67d879ff0 3189       3       java.lang.invoke.MemberName::<init> (26 bytes)
Event: 12.698 Thread 0x000001f620b0ed60 3190       3       java.lang.invoke.MethodHandles$Lookup::resolveOrFail (47 bytes)
Event: 12.698 Thread 0x000001f67d879ff0 nmethod 3189 0x000001f60063c490 code [0x000001f60063c660, 0x000001f60063c8a8]
Event: 12.698 Thread 0x000001f67d879ff0 3191       3       java.lang.invoke.DirectMethodHandle::shouldBeInitialized (117 bytes)
Event: 12.699 Thread 0x000001f620b0ed60 nmethod 3190 0x000001f60063ca10 code [0x000001f60063cc60, 0x000001f60063d418]
Event: 12.699 Thread 0x000001f67d879ff0 nmethod 3191 0x000001f60063d790 code [0x000001f60063d9e0, 0x000001f60063e190]
Event: 12.701 Thread 0x000001f620b0ed60 3195       3       java.lang.invoke.MethodHandles$Lookup::checkField (58 bytes)
Event: 12.702 Thread 0x000001f620b0ed60 nmethod 3195 0x000001f60063e390 code [0x000001f60063e580, 0x000001f60063e9c0]
Event: 12.704 Thread 0x000001f67d879ff0 3199       3       java.lang.invoke.DirectMethodHandle::make (21 bytes)
Event: 12.704 Thread 0x000001f67d879ff0 nmethod 3199 0x000001f60063eb90 code [0x000001f60063ed40, 0x000001f60063ef20]
Event: 12.705 Thread 0x000001f620b0ed60 3200       3       java.lang.invoke.Invokers::basicInvoker (103 bytes)
Event: 12.705 Thread 0x000001f620b0ed60 nmethod 3200 0x000001f60063f010 code [0x000001f60063f2c0, 0x000001f60063fc98]

GC Heap History (4 events):
Event: 0.585 GC heap before
{Heap before GC invocations=0 (full 0):
 garbage-first heap   total 258048K, used 20480K [0x0000000600000000, 0x0000000800000000)
  region size 4096K, 5 young (20480K), 0 survivors (0K)
 Metaspace       used 874K, committed 1024K, reserved 1114112K
  class space    used 71K, committed 128K, reserved 1048576K
}
Event: 0.589 GC heap after
{Heap after GC invocations=1 (full 0):
 garbage-first heap   total 258048K, used 1608K [0x0000000600000000, 0x0000000800000000)
  region size 4096K, 1 young (4096K), 1 survivors (4096K)
 Metaspace       used 874K, committed 1024K, reserved 1114112K
  class space    used 71K, committed 128K, reserved 1048576K
}
Event: 1.736 GC heap before
{Heap before GC invocations=1 (full 0):
 garbage-first heap   total 258048K, used 46664K [0x0000000600000000, 0x0000000800000000)
  region size 4096K, 11 young (45056K), 1 survivors (4096K)
 Metaspace       used 4608K, committed 4800K, reserved 1114112K
  class space    used 583K, committed 704K, reserved 1048576K
}
Event: 1.742 GC heap after
{Heap after GC invocations=2 (full 0):
 garbage-first heap   total 258048K, used 11716K [0x0000000600000000, 0x0000000800000000)
  region size 4096K, 2 young (8192K), 2 survivors (8192K)
 Metaspace       used 4608K, committed 4800K, reserved 1114112K
  class space    used 583K, committed 704K, reserved 1048576K
}

Dll operation events (20 events):
Event: 0.157 Attempting to load shared library C:\Users\AJI\.vscode\extensions\redhat.java-1.56.0-win32-x64\jre\21.0.12.1-win32-x86_64\bin\nio.dll
Event: 0.158 Loaded shared library C:\Users\AJI\.vscode\extensions\redhat.java-1.56.0-win32-x64\jre\21.0.12.1-win32-x86_64\bin\nio.dll
Event: 0.163 Attempting to load shared library C:\Users\AJI\.vscode\extensions\redhat.java-1.56.0-win32-x64\jre\21.0.12.1-win32-x86_64\bin\zip.dll
Event: 0.163 Loaded shared library C:\Users\AJI\.vscode\extensions\redhat.java-1.56.0-win32-x64\jre\21.0.12.1-win32-x86_64\bin\zip.dll
Event: 0.621 Attempting to load shared library C:\Users\AJI\.vscode\extensions\redhat.java-1.56.0-win32-x64\jre\21.0.12.1-win32-x86_64\bin\jimage.dll
Event: 0.621 Loaded shared library C:\Users\AJI\.vscode\extensions\redhat.java-1.56.0-win32-x64\jre\21.0.12.1-win32-x86_64\bin\jimage.dll
Event: 0.907 Attempting to load shared library C:\Users\AJI\.vscode\extensions\redhat.java-1.56.0-win32-x64\jre\21.0.12.1-win32-x86_64\bin\verify.dll
Event: 0.907 Loaded shared library C:\Users\AJI\.vscode\extensions\redhat.java-1.56.0-win32-x64\jre\21.0.12.1-win32-x86_64\bin\verify.dll
Event: 0.958 Attempting to load shared library C:\Users\AJI\.gradle\native\1def1411415f61bf3af743bc5b6707747c0891f09f0c88961ee8f79bc544acac\windows-amd64\native-platform.dll
Event: 0.958 Loaded shared library C:\Users\AJI\.gradle\native\1def1411415f61bf3af743bc5b6707747c0891f09f0c88961ee8f79bc544acac\windows-amd64\native-platform.dll
Event: 0.972 Attempting to load shared library C:\Users\AJI\.gradle\native\0.2.8\x86_64-windows-gnu\gradle-fileevents.dll
Event: 0.973 Loaded shared library C:\Users\AJI\.gradle\native\0.2.8\x86_64-windows-gnu\gradle-fileevents.dll
Event: 4.194 Attempting to load shared library C:\Users\AJI\.vscode\extensions\redhat.java-1.56.0-win32-x64\jre\21.0.12.1-win32-x86_64\bin\management.dll
Event: 4.194 Loaded shared library C:\Users\AJI\.vscode\extensions\redhat.java-1.56.0-win32-x64\jre\21.0.12.1-win32-x86_64\bin\management.dll
Event: 4.199 Attempting to load shared library C:\Users\AJI\.vscode\extensions\redhat.java-1.56.0-win32-x64\jre\21.0.12.1-win32-x86_64\bin\management_ext.dll
Event: 4.203 Loaded shared library C:\Users\AJI\.vscode\extensions\redhat.java-1.56.0-win32-x64\jre\21.0.12.1-win32-x86_64\bin\management_ext.dll
Event: 4.755 Attempting to load shared library C:\Users\AJI\.vscode\extensions\redhat.java-1.56.0-win32-x64\jre\21.0.12.1-win32-x86_64\bin\extnet.dll
Event: 4.761 Loaded shared library C:\Users\AJI\.vscode\extensions\redhat.java-1.56.0-win32-x64\jre\21.0.12.1-win32-x86_64\bin\extnet.dll
Event: 5.563 Attempting to load shared library C:\Users\AJI\.vscode\extensions\redhat.java-1.56.0-win32-x64\jre\21.0.12.1-win32-x86_64\bin\sunmscapi.dll
Event: 5.569 Loaded shared library C:\Users\AJI\.vscode\extensions\redhat.java-1.56.0-win32-x64\jre\21.0.12.1-win32-x86_64\bin\sunmscapi.dll

Deoptimization events (20 events):
Event: 7.467 Thread 0x000001f620c91270 Uncommon trap: trap_request=0xffffff45 fr.pc=0x000001f6103c8b64 relative=0x00000000000004c4
Event: 7.467 Thread 0x000001f620c91270 Uncommon trap: reason=unstable_if action=reinterpret pc=0x000001f6103c8b64 method=java.util.regex.Matcher.match(II)Z @ 76 c2
Event: 7.467 Thread 0x000001f620c91270 DEOPT PACKING pc=0x000001f6103c8b64 sp=0x0000003df3dfac30
Event: 7.467 Thread 0x000001f620c91270 DEOPT UNPACKING pc=0x000001f60fca4422 sp=0x0000003df3dfabe8 mode 2
Event: 7.468 Thread 0x000001f620c91270 Uncommon trap: trap_request=0xffffff45 fr.pc=0x000001f6103c8218 relative=0x00000000000001d8
Event: 7.468 Thread 0x000001f620c91270 Uncommon trap: reason=unstable_if action=reinterpret pc=0x000001f6103c8218 method=java.util.regex.Matcher.reset()Ljava/util/regex/Matcher; @ 47 c2
Event: 7.468 Thread 0x000001f620c91270 DEOPT PACKING pc=0x000001f6103c8218 sp=0x0000003df3dfaac0
Event: 7.468 Thread 0x000001f620c91270 DEOPT UNPACKING pc=0x000001f60fca4422 sp=0x0000003df3dfaa50 mode 2
Event: 12.209 Thread 0x000001f620c91270 Uncommon trap: trap_request=0xffffff45 fr.pc=0x000001f6103c6fcc relative=0x0000000000000d4c
Event: 12.210 Thread 0x000001f620c91270 Uncommon trap: reason=unstable_if action=reinterpret pc=0x000001f6103c6fcc method=java.io.WinNTFileSystem.resolve(Ljava/lang/String;Ljava/lang/String;)Ljava/lang/String; @ 19 c2
Event: 12.210 Thread 0x000001f620c91270 DEOPT PACKING pc=0x000001f6103c6fcc sp=0x0000003df3dfb4b0
Event: 12.210 Thread 0x000001f620c91270 DEOPT UNPACKING pc=0x000001f60fca4422 sp=0x0000003df3dfb448 mode 2
Event: 12.213 Thread 0x000001f620c91270 Uncommon trap: trap_request=0xffffff45 fr.pc=0x000001f6103d1cf4 relative=0x0000000000000614
Event: 12.213 Thread 0x000001f620c91270 Uncommon trap: reason=unstable_if action=reinterpret pc=0x000001f6103d1cf4 method=java.io.File.getName()Ljava/lang/String; @ 16 c2
Event: 12.213 Thread 0x000001f620c91270 DEOPT PACKING pc=0x000001f6103d1cf4 sp=0x0000003df3dfb470
Event: 12.213 Thread 0x000001f620c91270 DEOPT UNPACKING pc=0x000001f60fca4422 sp=0x0000003df3dfb440 mode 2
Event: 12.472 Thread 0x000001f620c91270 Uncommon trap: trap_request=0xffffff45 fr.pc=0x000001f6103cc594 relative=0x00000000000000f4
Event: 12.472 Thread 0x000001f620c91270 Uncommon trap: reason=unstable_if action=reinterpret pc=0x000001f6103cc594 method=java.util.HashMap.hash(Ljava/lang/Object;)I @ 1 c2
Event: 12.472 Thread 0x000001f620c91270 DEOPT PACKING pc=0x000001f6103cc594 sp=0x0000003df3dfc2f0
Event: 12.472 Thread 0x000001f620c91270 DEOPT UNPACKING pc=0x000001f60fca4422 sp=0x0000003df3dfc230 mode 2

Classes loaded (20 events):
Event: 12.637 Loading class java/util/function/UnaryOperator
Event: 12.637 Loading class java/util/function/UnaryOperator done
Event: 12.668 Loading class java/lang/invoke/BoundMethodHandle$Species_LLLLLLLLLLLLLL
Event: 12.668 Loading class java/lang/invoke/BoundMethodHandle$Species_LLLLLLLLLLLLLL done
Event: 12.671 Loading class java/lang/invoke/BoundMethodHandle$Species_LLLLLLLLLLLLLLL
Event: 12.671 Loading class java/lang/invoke/BoundMethodHandle$Species_LLLLLLLLLLLLLLL done
Event: 12.688 Loading class java/lang/invoke/BoundMethodHandle$Species_LLLLLLLLLLLLLLLL
Event: 12.688 Loading class java/lang/invoke/BoundMethodHandle$Species_LLLLLLLLLLLLLLLL done
Event: 12.690 Loading class java/lang/invoke/BoundMethodHandle$Species_LLLLLLLLLLLLLLLLL
Event: 12.690 Loading class java/lang/invoke/BoundMethodHandle$Species_LLLLLLLLLLLLLLLLL done
Event: 12.693 Loading class java/lang/invoke/BoundMethodHandle$Species_LLLLLLLLLLLLLLLLLL
Event: 12.693 Loading class java/lang/invoke/BoundMethodHandle$Species_LLLLLLLLLLLLLLLLLL done
Event: 12.699 Loading class java/lang/invoke/BoundMethodHandle$Species_LLLLLLLLLLLLLLLLLLL
Event: 12.699 Loading class java/lang/invoke/BoundMethodHandle$Species_LLLLLLLLLLLLLLLLLLL done
Event: 12.702 Loading class java/lang/invoke/BoundMethodHandle$Species_LLLLLLLLLLLLLLLLLLLL
Event: 12.702 Loading class java/lang/invoke/BoundMethodHandle$Species_LLLLLLLLLLLLLLLLLLLL done
Event: 12.706 Loading class java/lang/invoke/BoundMethodHandle$Species_LLLLLLLLLLLLLLLLLLLLL
Event: 12.706 Loading class java/lang/invoke/BoundMethodHandle$Species_LLLLLLLLLLLLLLLLLLLLL done
Event: 12.708 Loading class java/lang/invoke/BoundMethodHandle$Species_LLLLLLLLLLLLLLLLLLLLLL
Event: 12.708 Loading class java/lang/invoke/BoundMethodHandle$Species_LLLLLLLLLLLLLLLLLLLLLL done

Classes unloaded (0 events):
No events

Classes redefined (0 events):
No events

Internal exceptions (20 events):
Event: 7.268 Thread 0x000001f620c91270 Exception <a 'java/lang/IncompatibleClassChangeError'{0x00000006097dfcb8}: Found class java.lang.Object, but interface was expected> (0x00000006097dfcb8) 
thrown [s\src\hotspot\share\interpreter\linkResolver.cpp, line 840]
Event: 7.334 Thread 0x000001f620c91270 Exception <a 'java/lang/NoSuchMethodError'{0x00000006091102f8}: 'java.lang.Object java.lang.invoke.DirectMethodHandle$Holder.newInvokeSpecial(java.lang.Object, java.lang.Object, int)'> (0x00000006091102f8) 
thrown [s\src\hotspot\share\interpreter\linkResolver.cpp, line 773]
Event: 7.530 Thread 0x000001f620c91270 Exception <a 'java/lang/NoSuchMethodError'{0x0000000608d4b8c8}: 'java.lang.Object java.lang.invoke.DirectMethodHandle$Holder.invokeVirtual(java.lang.Object, java.lang.Object, java.lang.Object, java.lang.Object, java.lang.Object, java.lang.Object, java.lang.Object, java.lang.Object)'> (0x0000000608d4b8c8) 
thrown [s\src\hotspot\share\interpreter\linkResolver.cpp, line 773]
Event: 12.173 Thread 0x000001f620c91270 Exception <a 'java/lang/NoSuchMethodError'{0x0000000608fb1830}: 'java.lang.Object java.lang.invoke.DirectMethodHandle$Holder.invokeVirtual(java.lang.Object, java.lang.Object, java.lang.Object, java.lang.Object, java.lang.Object, java.lang.Object, java.lang.Object, java.lang.Object, java.lang.Object, java.lang.Object)'> (0x0000000608fb1830) 
thrown [s\src\hotspot\share\interpreter\linkResolver.cpp, line 773]
Event: 12.229 Thread 0x000001f620c91270 Exception <a 'java/lang/NoSuchMethodError'{0x00000006088431c8}: 'void java.lang.invoke.DirectMethodHandle$Holder.invokeStatic(java.lang.Object, java.lang.Object, java.lang.Object, java.lang.Object)'> (0x00000006088431c8) 
thrown [s\src\hotspot\share\interpreter\linkResolver.cpp, line 773]
Event: 12.229 Thread 0x000001f620c91270 Exception <a 'java/lang/NoSuchMethodError'{0x0000000608846f80}: 'void java.lang.invoke.DirectMethodHandle$Holder.invokeStaticInit(java.lang.Object, java.lang.Object, java.lang.Object, java.lang.Object)'> (0x0000000608846f80) 
thrown [s\src\hotspot\share\interpreter\linkResolver.cpp, line 773]
Event: 12.244 Thread 0x000001f620c91270 Exception <a 'java/lang/NoSuchMethodError'{0x00000006088a32f8}: 'java.lang.Object java.lang.invoke.DirectMethodHandle$Holder.invokeInterface(java.lang.Object, java.lang.Object, java.lang.Object)'> (0x00000006088a32f8) 
thrown [s\src\hotspot\share\interpreter\linkResolver.cpp, line 773]
Event: 12.265 Thread 0x000001f620c91270 Exception <a 'java/lang/NoSuchMethodError'{0x00000006089b52f0}: 'int java.lang.invoke.DirectMethodHandle$Holder.invokeSpecialIFC(java.lang.Object, java.lang.Object, java.lang.Object, java.lang.Object)'> (0x00000006089b52f0) 
thrown [s\src\hotspot\share\interpreter\linkResolver.cpp, line 773]
Event: 12.267 Thread 0x000001f620c91270 Exception <a 'java/lang/IncompatibleClassChangeError'{0x00000006089c2748}: Found class java.lang.Object, but interface was expected> (0x00000006089c2748) 
thrown [s\src\hotspot\share\interpreter\linkResolver.cpp, line 840]
Event: 12.472 Thread 0x000001f620c91270 Implicit null exception at 0x000001f6103cc4e6 to 0x000001f6103cc58a
Event: 12.664 Thread 0x000001f620c91270 Exception <a 'java/lang/NoSuchMethodError'{0x00000006085e6af8}: 'java.lang.Object java.lang.invoke.DelegatingMethodHandle$Holder.reinvoke_L(java.lang.Object, java.lang.Object, java.lang.Object, java.lang.Object, java.lang.Object, java.lang.Object, java.lang.Object, java.lang.Object, java.lang.Object, java.lang.Object, java.lang.Object, java.lang.Object, java.lang.Object, java.lang.Object, java.lang.Object, java.lang.Object, java.lang.Object, java.lang.Object, java.lang.Object, java.lang.Object, java.lang.O
Event: 12.670 Thread 0x000001f620c91270 Exception <a 'java/lang/NoSuchMethodError'{0x00000006086545d8}: 'java.lang.Object java.lang.invoke.DirectMethodHandle$Holder.invokeStatic(java.lang.Object, java.lang.Object, java.lang.Object, java.lang.Object, java.lang.Object, java.lang.Object, java.lang.Object, java.lang.Object, java.lang.Object, java.lang.Object, java.lang.Object, java.lang.Object, java.lang.Object, java.lang.Object, java.lang.Object, java.lang.Object, java.lang.Object)'> (0x00000006086545d8) 
thrown [s\src\hotspot\share\interpreter\lin
Event: 12.684 Thread 0x000001f620c91270 Exception <a 'java/lang/NoSuchMethodError'{0x000000060867d3a0}: 'java.lang.Object java.lang.invoke.DirectMethodHandle$Holder.invokeStatic(java.lang.Object, java.lang.Object, java.lang.Object, java.lang.Object, java.lang.Object, java.lang.Object, java.lang.Object, java.lang.Object, java.lang.Object, java.lang.Object, java.lang.Object, java.lang.Object, java.lang.Object, java.lang.Object, java.lang.Object, java.lang.Object, java.lang.Object, java.lang.Object)'> (0x000000060867d3a0) 
thrown [s\src\hotspot\sha
Event: 12.689 Thread 0x000001f620c91270 Exception <a 'java/lang/NoSuchMethodError'{0x00000006086a7430}: 'java.lang.Object java.lang.invoke.DirectMethodHandle$Holder.invokeStatic(java.lang.Object, java.lang.Object, java.lang.Object, java.lang.Object, java.lang.Object, java.lang.Object, java.lang.Object, java.lang.Object, java.lang.Object, java.lang.Object, java.lang.Object, java.lang.Object, java.lang.Object, java.lang.Object, java.lang.Object, java.lang.Object, java.lang.Object, java.lang.Object, java.lang.Object)'> (0x00000006086a7430) 
thrown 
Event: 12.691 Thread 0x000001f620c91270 Exception <a 'java/lang/NoSuchMethodError'{0x00000006086d47c0}: 'java.lang.Object java.lang.invoke.DirectMethodHandle$Holder.invokeStatic(java.lang.Object, java.lang.Object, java.lang.Object, java.lang.Object, java.lang.Object, java.lang.Object, java.lang.Object, java.lang.Object, java.lang.Object, java.lang.Object, java.lang.Object, java.lang.Object, java.lang.Object, java.lang.Object, java.lang.Object, java.lang.Object, java.lang.Object, java.lang.Object, java.lang.Object, java.lang.Object)'> (0x00000006
Event: 12.697 Thread 0x000001f620c91270 Exception <a 'java/lang/NoSuchMethodError'{0x0000000608700ef8}: 'java.lang.Object java.lang.invoke.DirectMethodHandle$Holder.invokeStatic(java.lang.Object, java.lang.Object, java.lang.Object, java.lang.Object, java.lang.Object, java.lang.Object, java.lang.Object, java.lang.Object, java.lang.Object, java.lang.Object, java.lang.Object, java.lang.Object, java.lang.Object, java.lang.Object, java.lang.Object, java.lang.Object, java.lang.Object, java.lang.Object, java.lang.Object, java.lang.Object, java.lang.Obj
Event: 12.701 Thread 0x000001f620c91270 Exception <a 'java/lang/NoSuchMethodError'{0x000000060872e710}: 'java.lang.Object java.lang.invoke.DirectMethodHandle$Holder.invokeStatic(java.lang.Object, java.lang.Object, java.lang.Object, java.lang.Object, java.lang.Object, java.lang.Object, java.lang.Object, java.lang.Object, java.lang.Object, java.lang.Object, java.lang.Object, java.lang.Object, java.lang.Object, java.lang.Object, java.lang.Object, java.lang.Object, java.lang.Object, java.lang.Object, java.lang.Object, java.lang.Object, java.lang.Obj
Event: 12.703 Thread 0x000001f620c91270 Exception <a 'java/lang/NoSuchMethodError'{0x000000060875c9d0}: 'java.lang.Object java.lang.invoke.DirectMethodHandle$Holder.invokeStatic(java.lang.Object, java.lang.Object, java.lang.Object, java.lang.Object, java.lang.Object, java.lang.Object, java.lang.Object, java.lang.Object, java.lang.Object, java.lang.Object, java.lang.Object, java.lang.Object, java.lang.Object, java.lang.Object, java.lang.Object, java.lang.Object, java.lang.Object, java.lang.Object, java.lang.Object, java.lang.Object, java.lang.Obj
Event: 12.706 Thread 0x000001f620c91270 Exception <a 'java/lang/NoSuchMethodError'{0x000000060878be68}: 'java.lang.Object java.lang.invoke.DirectMethodHandle$Holder.invokeStatic(java.lang.Object, java.lang.Object, java.lang.Object, java.lang.Object, java.lang.Object, java.lang.Object, java.lang.Object, java.lang.Object, java.lang.Object, java.lang.Object, java.lang.Object, java.lang.Object, java.lang.Object, java.lang.Object, java.lang.Object, java.lang.Object, java.lang.Object, java.lang.Object, java.lang.Object, java.lang.Object, java.lang.Obj
Event: 12.709 Thread 0x000001f620c91270 Exception <a 'java/lang/NoSuchMethodError'{0x00000006087bbc48}: 'java.lang.Object java.lang.invoke.DirectMethodHandle$Holder.invokeStatic(java.lang.Object, java.lang.Object, java.lang.Object, java.lang.Object, java.lang.Object, java.lang.Object, java.lang.Object, java.lang.Object, java.lang.Object, java.lang.Object, java.lang.Object, java.lang.Object, java.lang.Object, java.lang.Object, java.lang.Object, java.lang.Object, java.lang.Object, java.lang.Object, java.lang.Object, java.lang.Object, java.lang.Obj

ZGC Phase Switch (0 events):
No events

VM Operations (20 events):
Event: 5.220 Executing non-safepoint VM operation: HandshakeAllThreads (Deoptimize)
Event: 5.220 Executing non-safepoint VM operation: HandshakeAllThreads (Deoptimize) done
Event: 5.585 Executing non-safepoint VM operation: HandshakeAllThreads (Deoptimize)
Event: 5.585 Executing non-safepoint VM operation: HandshakeAllThreads (Deoptimize) done
Event: 5.585 Executing safepoint VM operation: Cleanup
Event: 5.585 Executing safepoint VM operation: Cleanup done
Event: 5.663 Executing non-safepoint VM operation: HandshakeAllThreads (Deoptimize)
Event: 5.663 Executing non-safepoint VM operation: HandshakeAllThreads (Deoptimize) done
Event: 6.668 Executing safepoint VM operation: Cleanup
Event: 6.669 Executing safepoint VM operation: Cleanup done
Event: 7.331 Executing non-safepoint VM operation: HandshakeAllThreads (Deoptimize)
Event: 7.332 Executing non-safepoint VM operation: HandshakeAllThreads (Deoptimize) done
Event: 8.339 Executing safepoint VM operation: Cleanup
Event: 8.339 Executing safepoint VM operation: Cleanup done
Event: 10.353 Executing safepoint VM operation: Cleanup
Event: 10.353 Executing safepoint VM operation: Cleanup done
Event: 11.368 Executing safepoint VM operation: Cleanup
Event: 11.368 Executing safepoint VM operation: Cleanup done
Event: 12.381 Executing safepoint VM operation: Cleanup
Event: 12.381 Executing safepoint VM operation: Cleanup done

Memory protections (0 events):
No events

Nmethod flushes (0 events):
No events

Events (20 events):
Event: 0.475 Thread 0x000001f67d879550 Thread added: 0x000001f620d028a0
Event: 0.623 Thread 0x000001f620b0ed60 Thread added: 0x000001f66617b250
Event: 1.933 Thread 0x000001f66617b250 Thread exited: 0x000001f66617b250
Event: 2.072 Thread 0x000001f620d028a0 Thread exited: 0x000001f620d028a0
Event: 4.356 Thread 0x000001f66f6da140 Thread added: 0x000001f667794160
Event: 5.277 Thread 0x000001f66f6da140 Thread added: 0x000001f6677041a0
Event: 5.560 Thread 0x000001f66f6da140 Thread added: 0x000001f66785e7d0
Event: 5.667 Thread 0x000001f6677041a0 Thread added: 0x000001f620d2dfe0
Event: 5.671 Thread 0x000001f620d2dfe0 Thread added: 0x000001f620a6e760
Event: 5.741 Thread 0x000001f620d2dfe0 Thread added: 0x000001f620c51c40
Event: 5.769 Thread 0x000001f620d2dfe0 Thread added: 0x000001f620c91270
Event: 5.792 Thread 0x000001f620c91270 Thread added: 0x000001f620c92620
Event: 5.801 Thread 0x000001f620c91270 Thread added: 0x000001f620c91f90
Event: 5.811 Thread 0x000001f620c91270 Thread added: 0x000001f620c8f1a0
Event: 7.332 Thread 0x000001f620c91270 Thread added: 0x000001f620c8fec0
Event: 7.342 Thread 0x000001f620c91270 Thread added: 0x000001f620c90550
Event: 7.538 Thread 0x000001f620c91270 Thread added: 0x000001f620c8f830
Event: 7.632 Thread 0x000001f620c90550 Thread added: 0x000001f620c90be0
Event: 8.874 Thread 0x000001f620b15ee0 Thread exited: 0x000001f620b15ee0
Event: 10.716 Thread 0x000001f620b0f410 Thread exited: 0x000001f620b0f410


Dynamic libraries:
0x00007ff735c60000 - 0x00007ff735c6e000 	C:\Users\AJI\.vscode\extensions\redhat.java-1.56.0-win32-x64\jre\21.0.12.1-win32-x86_64\bin\java.exe
0x00007ffaa9a20000 - 0x00007ffaa9c87000 	C:\WINDOWS\SYSTEM32\ntdll.dll
0x00007ffaa7cd0000 - 0x00007ffaa7d9b000 	C:\WINDOWS\System32\KERNEL32.DLL
0x00007ffaa71b0000 - 0x00007ffaa75b2000 	C:\WINDOWS\System32\KERNELBASE.dll
0x00007ffaa7050000 - 0x00007ffaa719c000 	C:\WINDOWS\System32\ucrtbase.dll
0x00007ffa5b940000 - 0x00007ffa5b958000 	C:\Users\AJI\.vscode\extensions\redhat.java-1.56.0-win32-x64\jre\21.0.12.1-win32-x86_64\bin\jli.dll
0x00007ffa76fd0000 - 0x00007ffa76fee000 	C:\Users\AJI\.vscode\extensions\redhat.java-1.56.0-win32-x64\jre\21.0.12.1-win32-x86_64\bin\VCRUNTIME140.dll
0x00007ffaa7da0000 - 0x00007ffaa7f6f000 	C:\WINDOWS\System32\USER32.dll
0x00007ffaa6e90000 - 0x00007ffaa6eb7000 	C:\WINDOWS\System32\win32u.dll
0x00007ffaa7740000 - 0x00007ffaa776b000 	C:\WINDOWS\System32\GDI32.dll
0x00007ffa85610000 - 0x00007ffa858a0000 	C:\WINDOWS\WinSxS\amd64_microsoft.windows.common-controls_6595b64144ccf1df_6.0.26100.9278_none_3e0d1ba8e3303201\COMCTL32.dll
0x00007ffaa6cd0000 - 0x00007ffaa6df9000 	C:\WINDOWS\System32\gdi32full.dll
0x00007ffaa6c20000 - 0x00007ffaa6cc3000 	C:\WINDOWS\System32\msvcp_win.dll
0x00007ffaa8760000 - 0x00007ffaa8809000 	C:\WINDOWS\System32\msvcrt.dll
0x00007ffaa9250000 - 0x00007ffaa9281000 	C:\WINDOWS\System32\IMM32.DLL
0x00007ffa8fa10000 - 0x00007ffa8fa1c000 	C:\Users\AJI\.vscode\extensions\redhat.java-1.56.0-win32-x64\jre\21.0.12.1-win32-x86_64\bin\vcruntime140_1.dll
0x00007ff9ae9a0000 - 0x00007ff9aea2d000 	C:\Users\AJI\.vscode\extensions\redhat.java-1.56.0-win32-x64\jre\21.0.12.1-win32-x86_64\bin\msvcp140.dll
0x00007ff96c320000 - 0x00007ff96d0c2000 	C:\Users\AJI\.vscode\extensions\redhat.java-1.56.0-win32-x64\jre\21.0.12.1-win32-x86_64\bin\server\jvm.dll
0x00007ffaa8fb0000 - 0x00007ffaa906c000 	C:\WINDOWS\System32\ADVAPI32.dll
0x00007ffaa7b90000 - 0x00007ffaa7c39000 	C:\WINDOWS\System32\sechost.dll
0x00007ffaa80d0000 - 0x00007ffaa81e8000 	C:\WINDOWS\System32\RPCRT4.dll
0x00007ffaa7c40000 - 0x00007ffaa7cc0000 	C:\WINDOWS\System32\WS2_32.dll
0x00007ffaa6a80000 - 0x00007ffaa6ade000 	C:\WINDOWS\SYSTEM32\POWRPROF.dll
0x00007ffaa0960000 - 0x00007ffaa0996000 	C:\WINDOWS\SYSTEM32\WINMM.dll
0x00007ffa9deb0000 - 0x00007ffa9debb000 	C:\WINDOWS\SYSTEM32\VERSION.dll
0x00007ffaa6a60000 - 0x00007ffaa6a75000 	C:\WINDOWS\SYSTEM32\UMPDC.dll
0x00007ffaa5400000 - 0x00007ffaa541b000 	C:\WINDOWS\SYSTEM32\kernel.appcore.dll
0x00007ffa8f9e0000 - 0x00007ffa8f9ea000 	C:\Users\AJI\.vscode\extensions\redhat.java-1.56.0-win32-x64\jre\21.0.12.1-win32-x86_64\bin\jimage.dll
0x00007ffaa3d10000 - 0x00007ffaa3f5c000 	C:\WINDOWS\SYSTEM32\DBGHELP.DLL
0x00007ffaa9320000 - 0x00007ffaa96a5000 	C:\WINDOWS\System32\combase.dll
0x00007ffaa81f0000 - 0x00007ffaa82c9000 	C:\WINDOWS\System32\OLEAUT32.dll
0x00007ffa84dc0000 - 0x00007ffa84dfb000 	C:\WINDOWS\SYSTEM32\dbgcore.DLL
0x00007ffaa75c0000 - 0x00007ffaa766c000 	C:\WINDOWS\System32\bcryptPrimitives.dll
0x00007ffa80050000 - 0x00007ffa8005f000 	C:\Users\AJI\.vscode\extensions\redhat.java-1.56.0-win32-x64\jre\21.0.12.1-win32-x86_64\bin\instrument.dll
0x00007ffa56a30000 - 0x00007ffa56a50000 	C:\Users\AJI\.vscode\extensions\redhat.java-1.56.0-win32-x64\jre\21.0.12.1-win32-x86_64\bin\java.dll
0x00007ffaa8810000 - 0x00007ffaa8fa8000 	C:\WINDOWS\System32\SHELL32.dll
0x00007ffaa4150000 - 0x00007ffaa49fe000 	C:\WINDOWS\SYSTEM32\windows.storage.dll
0x00007ffaa96b0000 - 0x00007ffaa97ab000 	C:\WINDOWS\System32\SHCORE.dll
0x00007ffaa7a10000 - 0x00007ffaa7a76000 	C:\WINDOWS\System32\shlwapi.dll
0x00007ffaa6b40000 - 0x00007ffaa6b69000 	C:\WINDOWS\SYSTEM32\profapi.dll
0x00007ffa554d0000 - 0x00007ffa554e8000 	C:\Users\AJI\.vscode\extensions\redhat.java-1.56.0-win32-x64\jre\21.0.12.1-win32-x86_64\bin\zip.dll
0x00007ffa813d0000 - 0x00007ffa813e0000 	C:\Users\AJI\.vscode\extensions\redhat.java-1.56.0-win32-x64\jre\21.0.12.1-win32-x86_64\bin\net.dll
0x00007ffa9f270000 - 0x00007ffa9f39a000 	C:\WINDOWS\SYSTEM32\WINHTTP.dll
0x00007ffaa59c0000 - 0x00007ffaa5a2c000 	C:\WINDOWS\system32\mswsock.dll
0x00007ffa554b0000 - 0x00007ffa554c6000 	C:\Users\AJI\.vscode\extensions\redhat.java-1.56.0-win32-x64\jre\21.0.12.1-win32-x86_64\bin\nio.dll
0x00007ffa7fae0000 - 0x00007ffa7faf0000 	C:\Users\AJI\.vscode\extensions\redhat.java-1.56.0-win32-x64\jre\21.0.12.1-win32-x86_64\bin\verify.dll
0x00007ffa399a0000 - 0x00007ffa399c7000 	C:\Users\AJI\.gradle\native\1def1411415f61bf3af743bc5b6707747c0891f09f0c88961ee8f79bc544acac\windows-amd64\native-platform.dll
0x00007ff9bbe60000 - 0x00007ff9bbed7000 	C:\Users\AJI\.gradle\native\0.2.8\x86_64-windows-gnu\gradle-fileevents.dll
0x00007ffa7eee0000 - 0x00007ffa7eeea000 	C:\Users\AJI\.vscode\extensions\redhat.java-1.56.0-win32-x64\jre\21.0.12.1-win32-x86_64\bin\management.dll
0x00007ffa77400000 - 0x00007ffa7740c000 	C:\Users\AJI\.vscode\extensions\redhat.java-1.56.0-win32-x64\jre\21.0.12.1-win32-x86_64\bin\management_ext.dll
0x00007ffaa7b80000 - 0x00007ffaa7b88000 	C:\WINDOWS\System32\PSAPI.DLL
0x00007ffaa4ee0000 - 0x00007ffaa4f13000 	C:\WINDOWS\SYSTEM32\IPHLPAPI.DLL
0x00007ffaa80c0000 - 0x00007ffaa80ca000 	C:\WINDOWS\System32\NSI.dll
0x00007ffa74220000 - 0x00007ffa74229000 	C:\Users\AJI\.vscode\extensions\redhat.java-1.56.0-win32-x64\jre\21.0.12.1-win32-x86_64\bin\extnet.dll
0x00007ffaa5cb0000 - 0x00007ffaa5ccb000 	C:\WINDOWS\SYSTEM32\CRYPTSP.dll
0x00007ffaa5360000 - 0x00007ffaa5399000 	C:\WINDOWS\system32\rsaenh.dll
0x00007ffaa5a70000 - 0x00007ffaa5aa4000 	C:\WINDOWS\SYSTEM32\USERENV.dll
0x00007ffaa6b10000 - 0x00007ffaa6b3a000 	C:\WINDOWS\SYSTEM32\bcrypt.dll
0x00007ffaa5cd0000 - 0x00007ffaa5cdc000 	C:\WINDOWS\SYSTEM32\CRYPTBASE.dll
0x00007ffa73220000 - 0x00007ffa7322e000 	C:\Users\AJI\.vscode\extensions\redhat.java-1.56.0-win32-x64\jre\21.0.12.1-win32-x86_64\bin\sunmscapi.dll
0x00007ffaa6ec0000 - 0x00007ffaa703e000 	C:\WINDOWS\System32\CRYPT32.dll
0x00007ffaa5ea0000 - 0x00007ffaa5ed0000 	C:\WINDOWS\SYSTEM32\ncrypt.dll
0x00007ffaa5e50000 - 0x00007ffaa5e8f000 	C:\WINDOWS\SYSTEM32\NTASN1.dll
0x00007ffa7c400000 - 0x00007ffa7c408000 	C:\WINDOWS\system32\wshunix.dll

JVMTI agents:
C:\Users\AJI\.gradle\wrapper\dists\gradle-9.1.0-all\7wzd0jkjit61aq2p43wpjgij9\gradle-9.1.0\lib\agents\gradle-instrumentation-agent-9.1.0.jar path:C:\Users\AJI\.vscode\extensions\redhat.java-1.56.0-win32-x64\jre\21.0.12.1-win32-x86_64\bin\instrument.dll, loaded, initialized, instrumentlib options:none

dbghelp: loaded successfully - version: 4.0.5 - missing functions: none
symbol engine: initialized successfully - sym options: 0x614 - pdb path: .;C:\Users\AJI\.vscode\extensions\redhat.java-1.56.0-win32-x64\jre\21.0.12.1-win32-x86_64\bin;C:\WINDOWS\SYSTEM32;C:\WINDOWS\WinSxS\amd64_microsoft.windows.common-controls_6595b64144ccf1df_6.0.26100.9278_none_3e0d1ba8e3303201;C:\Users\AJI\.vscode\extensions\redhat.java-1.56.0-win32-x64\jre\21.0.12.1-win32-x86_64\bin\server;C:\Users\AJI\.gradle\native\1def1411415f61bf3af743bc5b6707747c0891f09f0c88961ee8f79bc544acac\windows-amd64;C:\Users\AJI\.gradle\native\0.2.8\x86_64-windows-gnu

VM Arguments:
jvm_args: --add-opens=java.base/java.lang=ALL-UNNAMED --add-opens=java.base/java.lang.invoke=ALL-UNNAMED --add-opens=java.base/java.util=ALL-UNNAMED --add-opens=java.prefs/java.util.prefs=ALL-UNNAMED --add-exports=jdk.compiler/com.sun.tools.javac.api=ALL-UNNAMED --add-exports=jdk.compiler/com.sun.tools.javac.util=ALL-UNNAMED --add-opens=java.base/java.util=ALL-UNNAMED --add-opens=java.prefs/java.util.prefs=ALL-UNNAMED --add-opens=java.base/java.nio.charset=ALL-UNNAMED --add-opens=java.base/java.net=ALL-UNNAMED --add-opens=java.base/java.util.concurrent=ALL-UNNAMED --add-opens=java.base/java.util.concurrent.atomic=ALL-UNNAMED --add-opens=java.xml/javax.xml.namespace=ALL-UNNAMED --add-opens=java.base/java.time=ALL-UNNAMED -XX:MaxMetaspaceSize=4G -XX:ReservedCodeCacheSize=512m -XX:+HeapDumpOnOutOfMemoryError -Xmx8G -Dfile.encoding=UTF-8 -Duser.country=IN -Duser.language=en -Duser.variant -javaagent:C:\Users\AJI\.gradle\wrapper\dists\gradle-9.1.0-all\7wzd0jkjit61aq2p43wpjgij9\gradle-9.1.0\lib\agents\gradle-instrumentation-agent-9.1.0.jar 
java_command: org.gradle.launcher.daemon.bootstrap.GradleDaemon 9.1.0
java_class_path (initial): C:\Users\AJI\.gradle\wrapper\dists\gradle-9.1.0-all\7wzd0jkjit61aq2p43wpjgij9\gradle-9.1.0\lib\gradle-daemon-main-9.1.0.jar
Launcher Type: SUN_STANDARD

[Global flags]
     intx CICompilerCount                          = 12                                        {product} {ergonomic}
     uint ConcGCThreads                            = 4                                         {product} {ergonomic}
     uint G1ConcRefinementThreads                  = 15                                        {product} {ergonomic}
   size_t G1HeapRegionSize                         = 4194304                                   {product} {ergonomic}
    uintx GCDrainStackTargetSize                   = 64                                        {product} {ergonomic}
     bool HeapDumpOnOutOfMemoryError               = true                                   {manageable} {command line}
   size_t InitialHeapSize                          = 264241152                                 {product} {ergonomic}
   size_t MarkStackSize                            = 4194304                                   {product} {ergonomic}
   size_t MaxHeapSize                              = 8589934592                                {product} {command line}
   size_t MaxMetaspaceSize                         = 4294967296                                {product} {command line}
   size_t MaxNewSize                               = 5150605312                                {product} {ergonomic}
   size_t MinHeapDeltaBytes                        = 4194304                                   {product} {ergonomic}
   size_t MinHeapSize                              = 8388608                                   {product} {ergonomic}
    uintx NonNMethodCodeHeapSize                   = 7602480                                {pd product} {ergonomic}
    uintx NonProfiledCodeHeapSize                  = 264634216                              {pd product} {ergonomic}
    uintx ProfiledCodeHeapSize                     = 264634216                              {pd product} {ergonomic}
    uintx ReservedCodeCacheSize                    = 536870912                              {pd product} {command line}
     bool SegmentedCodeCache                       = true                                      {product} {ergonomic}
   size_t SoftMaxHeapSize                          = 8589934592                             {manageable} {ergonomic}
     bool UseCompressedOops                        = true                           {product lp64_product} {ergonomic}
     bool UseG1GC                                  = true                                      {product} {ergonomic}
     bool UseLargePagesIndividualAllocation        = false                                  {pd product} {ergonomic}

Logging:
Log output configuration:
 #0: stdout all=warning uptime,level,tags foldmultilines=false
 #1: stderr all=off uptime,level,tags foldmultilines=false

Release file:
JAVA_VERSION="21.0.12.1" 
MODULES="java.base java.compiler java.datatransfer java.xml java.prefs java.desktop java.instrument java.logging java.management java.security.sasl java.naming java.rmi java.management.rmi java.net.http java.scripting java.security.jgss java.transaction.xa java.sql java.sql.rowset java.xml.crypto java.se java.smartcardio jdk.accessibility jdk.internal.jvmstat jdk.attach jdk.charsets jdk.internal.opt jdk.zipfs jdk.compiler jdk.crypto.ec jdk.crypto.cryptoki jdk.crypto.mscapi jdk.dynalink jdk.internal.ed jdk.editpad jdk.hotspot.agent jdk.httpserver jdk.internal.le jdk.internal.vm.ci jdk.internal.vm.compiler jdk.internal.vm.compiler.management jdk.jartool jdk.javadoc jdk.jcmd jdk.management jdk.management.agent jdk.jconsole jdk.jdeps jdk.jdwp.agent jdk.jdi jdk.jfr jdk.jshell jdk.jsobject jdk.jstatd jdk.localedata jdk.management.jfr jdk.naming.dns jdk.naming.rmi jdk.net jdk.nio.mapmode jdk.random jdk.sctp jdk.security.auth jdk.security.jgss jdk.unsupported jdk.unsupported.desktop jdk.xml.dom" 

Environment Variables:
JAVA_HOME=C:\Program Files\Java\jdk-17
PATH=C:\Python314\Scripts\;C:\Python314\;C:\Program Files\Eclipse Adoptium\jdk-25.0.3.9-hotspot\bin;C:\Program Files\Microsoft\jdk-11.0.16.101-hotspot\bin;C:\WINDOWS\system32;C:\WINDOWS;C:\WINDOWS\System32\Wbem;C:\WINDOWS\System32\WindowsPowerShell\v1.0\;C:\WINDOWS\System32\OpenSSH\;C:\Program Files\dotnet\;C:\MinGW\bin;C:\ProgramData\chocolatey\bin;C:\Users\AJI\AppData\Local\Pub\Cache\bin;C:\Program Files\Java\jdk-17\bin;d:\cursor\resources\app\bin;C:\Users\AJI\develop\flutter\bin;C:\Users\AJI\.local\bin;D:\node\node_modules\npm\bin;D:\node\;C:\Program Files\nodejs\;C:\Program Files\nodejs\node_modules\npm\bin;C:\Users\AJI\Documents\MONGO\mongosh-2.9.2-win32-x64\bin;C:\xampp\php;C:\Program Files\Git\cmd;C:\Users\AJI\AppData\Local\Programs\Python\Python312\Scripts\;C:\Users\AJI\AppData\Local\Programs\Python\Python312\;C:\Users\AJI\.local\bin;C:\Users\AJI\AppData\Local\Microsoft\WindowsApps;D:\IntelliJ IDEA Community Edition 2023.1.5\bin;;C:\mingw64\bin;C:\Users\AJI\.dotnet\tools;C:\Users\AJI\Documents\flutter_windows_3.13.4-stable\flutter\bin;C:\Users\AJI\AppData\Local\Pub\Cache\bin;D:\flutter_pub_cache;C:\Users\AJI\AppData\Local\Android\Sdk;C:\Program Files\Java\jdk-17\bin;D:\rider\JetBrains Rider 2024.3.7\bin;;D:\Program Files\Microsoft VS Code\bin;D:\freelanceing\cursor\resources\app\bin;C:\Users\AJI\AppData\Local\Programs\Microsoft VS Code\bin;C:\Users\AJI\AppData\Local\Programs\cursor\resources\app\bin;C:\Users\AJI\AppData\Roaming\npm
USERNAME=AJI
OS=Windows_NT
PROCESSOR_IDENTIFIER=Intel64 Family 6 Model 154 Stepping 3, GenuineIntel
TMP=C:\Users\AJI\AppData\Local\Temp
TEMP=C:\Users\AJI\AppData\Local\Temp




Periodic native trim disabled

---------------  S Y S T E M  ---------------

OS:
 Windows 11 , 64 bit Build 26100 (10.0.26100.9444)
OS uptime: 0 days 4:11 hours
Hyper-V role detected

CPU: total 20 (initial active 20) (10 cores per cpu, 2 threads per core) family 6 model 154 stepping 3 microcode 0x43b, cx8, cmov, fxsr, ht, mmx, 3dnowpref, sse, sse2, sse3, ssse3, sse4.1, sse4.2, popcnt, lzcnt, tsc, tscinvbit, avx, avx2, aes, erms, clmul, bmi1, bmi2, adx, sha, fma, vzeroupper, clflush, clflushopt, clwb, hv, serialize, rdtscp, rdpid, fsrm, f16c, cet_ibt, cet_ss
Processor Information for processor 0
  Max Mhz: 2300, Current Mhz: 2300, Mhz Limit: 2300
Processor Information for processor 1
  Max Mhz: 2300, Current Mhz: 2300, Mhz Limit: 2300
Processor Information for processor 2
  Max Mhz: 2300, Current Mhz: 2300, Mhz Limit: 2300
Processor Information for processor 3
  Max Mhz: 2300, Current Mhz: 2300, Mhz Limit: 2300
Processor Information for processor 4
  Max Mhz: 2300, Current Mhz: 2300, Mhz Limit: 2300
Processor Information for processor 5
  Max Mhz: 2300, Current Mhz: 2300, Mhz Limit: 2300
Processor Information for processor 6
  Max Mhz: 2300, Current Mhz: 2300, Mhz Limit: 2300
Processor Information for processor 7
  Max Mhz: 2300, Current Mhz: 2300, Mhz Limit: 2300
Processor Information for processor 8
  Max Mhz: 2300, Current Mhz: 2300, Mhz Limit: 2300
Processor Information for processor 9
  Max Mhz: 2300, Current Mhz: 2300, Mhz Limit: 2300
Processor Information for processor 10
  Max Mhz: 2300, Current Mhz: 2300, Mhz Limit: 2300
Processor Information for processor 11
  Max Mhz: 2300, Current Mhz: 2300, Mhz Limit: 2300
Processor Information for processor 12
  Max Mhz: 2300, Current Mhz: 1488, Mhz Limit: 2300
Processor Information for processor 13
  Max Mhz: 2300, Current Mhz: 1488, Mhz Limit: 2300
Processor Information for processor 14
  Max Mhz: 2300, Current Mhz: 1488, Mhz Limit: 2300
Processor Information for processor 15
  Max Mhz: 2300, Current Mhz: 1488, Mhz Limit: 2300
Processor Information for processor 16
  Max Mhz: 2300, Current Mhz: 1488, Mhz Limit: 2300
Processor Information for processor 17
  Max Mhz: 2300, Current Mhz: 1488, Mhz Limit: 2300
Processor Information for processor 18
  Max Mhz: 2300, Current Mhz: 1488, Mhz Limit: 2300
Processor Information for processor 19
  Max Mhz: 2300, Current Mhz: 1488, Mhz Limit: 2300

Memory: 4k page, system-wide physical 16068M (1811M free)
TotalPageFile size 65220M (AvailPageFile size 2135M)
current process WorkingSet (physical memory assigned to process): 190M, peak: 219M
current process commit charge ("private bytes"): 402M, peak: 425M

vm_info: OpenJDK 64-Bit Server VM (21.0.12.1+1-LTS) for windows-amd64 JRE (21.0.12.1+1-LTS), built on 2026-08-18T00:00:00Z by "admin" with MS VC++ 17.12 (VS2022)

END.
